playlist,id,track,artist,album,release_date,release_year,length_ms,explicit,popularity,danceability,energy,key,loudness,mode,speechiness,acousticness,instrumentalness,liveness,valence,tempo
The Sound of Hip Hop,0trHOzAhNpGCsGBEu7dOJo,N.Y. State of Mind,['Nas'],Illmatic,1994-04-19,1994,293973,True,76,0.665,0.91,6,-4.682,0,0.223,0.0394,0.0,0.227,0.887,84.099
The Sound of Hip Hop,119c93MHjrDLJTApCVGpvx,"C.R.E.A.M. (Cash Rules Everything Around Me) (feat. Method Man, Raekwon, Inspectah Deck & Buddha Monk)","['Wu-Tang Clan', 'Method Man', 'Raekwon', 'Inspectah Deck', 'Buddha Monk']",Enter The Wu-Tang (36 Chambers) [Expanded Edition],1993-11-09,1993,252026,True,78,0.479,0.549,11,-10.551,0,0.373,0.57,0.0235,0.127,0.576,180.985
The Sound of Hip Hop,0IVAlb0cFCH1cQ974iR1TU,Ms. Fat Booty,['Mos Def'],Black On Both Sides,1999-10-12,1999,223546,True,72,0.782,0.589,1,-4.827,1,0.189,0.148,0.0,0.164,0.869,90.438
The Sound of Hip Hop,48ZUwXrEOhaXLCxvmRYhZv,Don't Sweat The Technique,['Eric B. & Rakim'],Don't Sweat The Technique,1992-06-23,1992,262800,False,63,0.737,0.89,4,-8.443,1,0.158,0.00556,0.00171,0.0801,0.809,105.848
The Sound of Hip Hop,3Ti0GdlrotgwsAVBBugv0I,Can I Kick It?,['A Tribe Called Quest'],People's Instinctive Travels and the Paths of Rhythm (25th Anniversary Edition),1990-04-17,1990,251573,False,74,0.848,0.666,0,-6.547,1,0.274,0.173,0.000699,0.129,0.744,96.662
The Sound of Hip Hop,3Y6XWs8xMlCngyIxNOFnsp,Sound of da Police,['KRS-One'],Return of the Boom Bap,1993-09-03,1993,258506,False,66,0.794,0.95,1,-8.78,1,0.294,0.124,7.71e-05,0.133,0.324,94.984
The Sound of Hip Hop,2PpruBYCo4H7WOBJ7Q2EwM,Hey Ya!,['Outkast'],Speakerboxxx/The Love Below,2003-01-01,2003,235213,False,85,0.727,0.974,4,-2.261,0,0.0664,0.103,0.000532,0.174,0.965,79.526
The Sound of Hip Hop,33ZXjLCpiINn8eQIDYEPTD,"Shook Ones, Pt. II",['Mobb Deep'],The Infamous,1995-04-25,1995,325506,True,80,0.763,0.786,10,-6.472,0,0.229,0.0146,0.0114,0.0817,0.504,93.857
The Sound of Hip Hop,4xQMFoD33vx6stB1UzfA6s,Eye Know,"['De La Soul', 'Otis Redding']",3 Feet High and Rising,1989-03-03,1989,252671,False,60,0.838,0.809,1,-7.989,1,0.0512,0.177,3.17e-06,0.0792,0.854,109.325
The Sound of Hip Hop,5YpZh8wfS4moRBk0ijNcXr,Harder Than You Think,['Public Enemy'],How You Sell Soul to a Soulless People Who Sold Their Soul?,2007-08-07,2007,249521,False,66,0.484,0.852,11,-4.442,0,0.274,0.0317,0.0,0.0547,0.766,103.578
The Sound of Hip Hop,6YYd5MLpu45J0uLrMdivF7,Got Your Money (feat. Kelis),"[""Ol' Dirty Bastard"", 'Kelis']",Nigga Please,1999-01-01,1999,239546,True,70,0.934,0.459,1,-7.654,1,0.189,0.0516,0.0,0.222,0.697,103.04
The Sound of Hip Hop,4JNTpbntShpUpACDUzwHV5,GO!,['Common'],Be,2005-01-01,2005,224160,True,58,0.838,0.763,10,-11.132,0,0.227,0.0915,1.37e-05,0.123,0.544,104.958
The Sound of Hip Hop,6C3yPXYG2NJYlIYVe5J7hv,I'll Be There For You/You're All I Need To Get By - Puff Daddy Mix,"['Method Man', 'Mary J. Blige']",Tical (Deluxe Edition),2014-09-16,2014,309946,False,63,0.722,0.745,4,-6.059,0,0.0536,0.151,6.26e-06,0.337,0.607,95.021
The Sound of Hip Hop,7KwZNVEaqikRSBSpyhXK2j,Hypnotize - 2014 Remaster,['The Notorious B.I.G.'],Life After Death (2014 Remastered Edition),1997-03-04,1997,229826,True,83,0.901,0.697,9,-3.439,1,0.28,0.145,0.0,0.287,0.67,93.941
The Sound of Hip Hop,3oairMMtNVnUppKwroxou4,I Know What You Want (feat. Flipmode Squad),"['Busta Rhymes', 'Mariah Carey', 'Flipmode Squad']",It Ain't Safe No More,2002-11-05,2002,324306,True,69,0.658,0.771,4,-4.318,1,0.271,0.016,0.0,0.654,0.516,85.949
The Sound of Hip Hop,4pdLZsxq0y5oJDb6Cxlokw,You Got Me,"['The Roots', 'Tariq Trotter', 'Erykah Badu', 'Eve']",Things Fall Apart,1999-02-23,1999,259306,True,69,0.729,0.442,11,-8.106,0,0.285,0.151,0.0,0.189,0.757,81.029
The Sound of Hip Hop,6jBCehpNMkwFVF3dz4nLIW,It's Tricky,['Run–D.M.C.'],Raising Hell,1986-05-15,1986,183760,False,73,0.965,0.857,11,-8.458,0,0.17,0.00131,0.0,0.0726,0.951,127.656
The Sound of Hip Hop,1auxYwYrFRqZP7t3s7w4um,Ni**as In Paris,"['JAY-Z', 'Kanye West']",Watch The Throne,2011-08-08,2011,219333,True,87,0.789,0.858,1,-5.542,1,0.311,0.127,0.0,0.349,0.775,140.022
The Sound of Hip Hop,1xZdjsAGrY4BUIbIlYy3EX,Strictly Business,['EPMD'],Strictly Business,1988-06-07,1988,285413,False,49,0.712,0.895,10,-4.212,0,0.254,0.181,1.8e-05,0.108,0.727,96.338
The Sound of Hip Hop,1SyQ6t9RdRBK0QUCS6a797,Hip Hop Hooray,['Naughty By Nature'],19NaughtyIII,1993-02-23,1993,267266,False,69,0.862,0.642,6,-13.652,0,0.101,0.102,0.0,0.272,0.765,99.2
The Sound of Hip Hop,4C7Ss9bTPOWJMh3rarF1mN,Definition,['Black Star'],Mos Def & Talib Kweli Are Black Star,1998-09-29,1998,206493,True,62,0.65,0.9,1,-4.099,0,0.374,0.0252,0.0,0.176,0.659,89.788
The Sound of Hip Hop,503OTo2dSqe7qk76rgsbep,Still D.R.E.,"['Dr. Dre', 'Snoop Dogg']",2001,1999-11-16,1999,270586,True,85,0.816,0.775,11,-3.323,1,0.234,0.16,0.00031,0.0543,0.527,93.431
The Sound of Hip Hop,1EiLrPd8JMTcQUr1aLEUKi,Work,['Gang Starr'],Moment Of Truth,1998-03-31,1998,177666,True,71,0.787,0.832,10,-4.671,1,0.301,0.0347,0.0,0.0593,0.814,92.606
The Sound of Hip Hop,5n8Aro6j1bEGIy7Tpo7FV7,Fuck Tha Police,['N.W.A.'],Straight Outta Compton,1988-08-08,1988,345717,True,74,0.859,0.75,8,-8.325,0,0.303,0.0193,0.0,0.0538,0.857,98.691
The Sound of Hip Hop,6C7ZgThn6Yan5MTZdAEEFw,Mama Said Knock You Out,['LL COOL J'],Mama Said Knock You Out,1990-08-27,1990,289693,True,66,0.791,0.759,10,-7.378,0,0.129,0.0314,0.674,0.255,0.619,102.382
The Sound of Hip Hop,2qOm7ukLyHUXWyR4ZWLwxA,It Was A Good Day,['Ice Cube'],The Predator,1992-11-17,1992,260000,True,84,0.798,0.744,7,-5.328,0,0.136,0.33,0.000106,0.292,0.794,82.356
The Sound of Hip Hop,7umZiitjVsEjMQ6HNddpUI,Love Is Only a Feeling,['Joey Bada$$'],Love Is Only a Feeling,2017-07-06,2017,152041,True,82,0.629,0.676,1,-7.088,0,0.191,0.53,0.000325,0.701,0.497,90.377
The Sound of Hip Hop,4G3dZN9o3o2X4VKwt4CLts,Passin' Me By,['The Pharcyde'],Bizarre Ride II The Pharcyde,1992-11-24,1992,303493,False,72,0.759,0.756,4,-8.145,0,0.266,0.0903,2.36e-06,0.265,0.613,87.059
The Sound of Hip Hop,2XHzzp1j4IfTNp1FTn7YFg,Love Me,"['Lil Wayne', 'Drake', 'Future']",I Am Not A Human Being II (Deluxe),2013-01-01,2013,255053,True,88,0.669,0.634,11,-6.476,1,0.0327,0.0125,0.0,0.0946,0.496,124.906
The Sound of Hip Hop,3ia3dJETSOllPsv3LJkE35,California Love - Original Version,"['2Pac', 'Roger', 'Dr. Dre']",Greatest Hits,1998-01-01,1998,284906,True,83,0.763,0.85,7,-3.052,1,0.0417,0.0304,1.21e-06,0.371,0.761,91.519
The Sound of Hip Hop,25tsnA5lDP4UctAQOoa8Ks,I'll Be Missing You,"['Diddy', '112', 'Faith Evans']",BAD BOY CELEBRATES DIDDY: The Artist,2022-06-24,2022,306560,False,66,0.833,0.619,7,-5.595,1,0.0535,0.111,2.16e-05,0.159,0.903,109.918
The Sound of Hip Hop,2HbKqm4o0w5wEeEFXm2sD4,Money Trees,"['Kendrick Lamar', 'Jay Rock']","good kid, m.A.A.d city",2012-01-01,2012,386906,True,84,0.716,0.531,7,-7.355,1,0.122,0.0703,0.0,0.224,0.344,71.994
The Sound of Hip Hop,6YbhspuOar1D9WSSnfe7ds,"Young, Wild & Free (feat. Bruno Mars)","['Snoop Dogg', 'Wiz Khalifa', 'Bruno Mars']",Mac and Devin Go to High School (Music from and Inspired by the Movie),2011-12-12,2011,207346,False,71,0.553,0.652,0,-6.685,1,0.206,0.0897,0.0,0.111,0.551,94.505
The Sound of Hip Hop,0YEC3pNS0uIKvZb5u4lgsu,The Humpty Dance,['Digital Underground'],Sex Packets,1990-03-26,1990,391693,False,65,0.813,0.693,10,-8.0,0,0.266,0.0343,0.0,0.121,0.618,103.508
The Sound of Hip Hop,5yVr4kj611qKFuvI12SItT,9mm Goes Bang,['Boogie Down Productions'],Criminal Minded (Deluxe),1987-03-03,1987,257223,True,50,0.779,0.641,2,-11.228,1,0.158,0.134,8.19e-06,0.0831,0.885,164.976
The Sound of Hip Hop,26q6YTrXt9l8qshIveiTX9,Rebirth Of Slick (Cool Like Dat),['Digable Planets'],Reachin' (A New Refutation Of Time And Space),1993-01-01,1993,261265,False,64,0.884,0.334,1,-18.943,0,0.228,0.0476,0.0588,0.107,0.571,98.315
The Sound of Hip Hop,7qWnNOxX8ovziMUYB9wfga,Nobody Does It Better,"['Nate Dogg', 'Warren G']","Nate Dogg (The G-Years, Vol. 1)",2014-08-14,2014,269296,True,53,0.726,0.605,0,-7.012,1,0.042,0.514,0.0,0.296,0.172,92.027
The Sound of Hip Hop,7nYvUtkQMx1v80S2FH2s9J,Regulate,"['Warren G', 'Nate Dogg']",Regulate… G Funk Era,1994-06-07,1994,248866,True,77,0.849,0.521,11,-12.999,0,0.216,0.304,1.65e-06,0.115,0.763,95.265
The Sound of Hip Hop,7y9yjpRtZajYzVpXHRjwGz,No More ?'s,['Eazy-E'],Eazy-Duz-It,1988-09-13,1988,234360,True,75,0.935,0.805,7,-4.782,1,0.225,0.0143,1.53e-06,0.298,0.624,105.641
The Sound of Hip Hop,2mKouqwAIdQnMP43zxR89r,What's Luv? (feat. Ja-Rule & Ashanti),"['Fat Joe', 'Ja Rule', 'Ashanti']",Jealous Ones Still Envy (J.O.S.E),2001-12-04,2001,267093,True,79,0.835,0.707,8,-5.074,1,0.0598,0.0219,2.19e-05,0.108,0.919,93.955
The Sound of Hip Hop,6iclNZVKDyJwVXTjxHUWaV,Sure Thing - Remix,"['Pusha T', 'Miguel']",Still Ya Pusha,2013-03-16,2013,189831,False,63,0.663,0.7,11,-7.819,0,0.239,0.00782,1.09e-05,0.137,0.484,83.951
The Sound of Hip Hop,2wGSgTmgSF3xjRrHkTc25R,Hate It Or Love It,"['The Game', '50 Cent']",The Documentary,2005-01-01,2005,206400,True,85,0.802,0.785,9,-4.781,1,0.207,0.14,0.0,0.123,0.435,99.998
The Sound of Hip Hop,0zO8ctW0UiuOefR87OeJOZ,Collard Greens,"['ScHoolboy Q', 'Kendrick Lamar']",Oxymoron (Deluxe),2014-01-01,2014,299960,True,80,0.825,0.575,11,-4.87,1,0.0633,0.025,9.94e-06,0.205,0.65,153.954
The Sound of Hip Hop,7ycWLEP1GsNjVvcjawXz3z,Praise The Lord (Da Shine) (feat. Skepta),"['A$AP Rocky', 'Skepta']",TESTING,2018-05-25,2018,205040,True,85,0.854,0.569,5,-8.151,0,0.106,0.0609,0.0816,0.1,0.294,80.015
The Sound of Hip Hop,60PAzFNW3vAiAiVK6DRJfB,Day 'N' Nite (Nightmare),['Kid Cudi'],Man On The Moon: The End Of Day (Int'l Version),2009-01-01,2009,221240,False,76,0.88,0.443,11,-6.359,0,0.0653,0.462,7.13e-06,0.122,0.803,138.018
The Sound of Hip Hop,3X414ZlCf5U7pcpIaIcUkT,Flava in Ya Ear,['Craig Mack'],Project: Funk Da World,1994-01-01,1994,217466,True,56,0.763,0.541,9,-8.843,0,0.329,0.466,0.0,0.0693,0.885,90.032
The Sound of Hip Hop,63BokRfXSQhEU6Qi2dSJpZ,Mind Playing Tricks on Me,['Geto Boys'],We Can't Be Stopped,1991-07-02,1991,308733,True,68,0.886,0.512,10,-11.825,0,0.237,0.207,0.0,0.0991,0.454,93.997
The Sound of Hip Hop,1vePC77pxGSUXLErDHuGtH,The Message,"['Grandmaster Flash', 'The Furious Five']","Grandmaster Flash, Grandmaster Melle-Mel & The Furious Five: The Greatest Hits",2006-05-01,2006,194240,False,53,0.946,0.494,1,-13.625,1,0.289,0.013,0.0,0.0894,0.659,100.775
The Sound of Hip Hop,66orjI5vOkyxOZLHWrPklh,X Gon' Give It To Ya - Int'l Bonus track,['DMX'],Grand Champ,2003-01-01,2003,219733,False,70,0.754,0.825,10,-5.366,0,0.194,0.039,0.0,0.0744,0.64,95.073
The Sound of Hip Hop,0RMr1YqH6Mv6HeklKsl76e,Act A Fool,['Ludacris'],Chicken - N - Beer,2003-01-01,2003,270973,True,43,0.575,0.905,9,-2.372,1,0.338,0.253,0.0,0.269,0.753,110.165
The Sound of Hip Hop,68Dni7IE4VyPkTOH9mRWHr,No Role Modelz,['J. Cole'],2014 Forest Hills Drive,2014-12-09,2014,292799,True,91,0.69,0.521,10,-8.492,0,0.339,0.324,0.0,0.0534,0.494,100.028
The Sound of Hip Hop,3jlbL2OTD5YmIunYzgQTAN,Live Your Life,"['T.I.', 'Rihanna']",Paper Trail,2008-09-07,2008,338853,True,79,0.375,0.862,11,-3.363,0,0.255,0.071,0.0,0.211,0.478,159.841
The Sound of Hip Hop,6IFOw9Ck9mWHRQgw6QrPYx,Music (feat. Marvin Gaye),"['Erick Sermon', 'Marvin Gaye']",Music,2001-08-27,2001,223133,True,60,0.897,0.466,10,-9.053,0,0.203,0.187,1.35e-06,0.0757,0.884,100.01
The Sound of Hip Hop,7hfRrdFJgFKK3cJ4rmkecE,Feel so Good,['Mase'],Harlem World,1997-01-01,1997,203626,True,70,0.821,0.703,11,-8.464,0,0.24,0.192,0.0,0.0816,0.536,105.154
The Sound of Hip Hop,3jagJCUbdqhDSPuxP8cAqF,Work It,['Missy Elliott'],Under Construction,2002-11-11,2002,263226,True,73,0.884,0.677,1,-5.603,1,0.283,0.0778,0.0,0.0732,0.584,101.868
The Sound of Hip Hop,1V3ko5D15URHHXkPWO9dcz,Colors,['ICE-T'],Colors,2018-05-17,2018,266026,False,44,0.847,0.92,10,-7.261,0,0.287,0.0902,1.33e-05,0.126,0.519,93.532
The Sound of Hip Hop,5KSJ9k1FYjFLnIRlJT2wF8,Tha Crossroads,['Bone Thugs-N-Harmony'],E. 1999 Eternal,1995-07-25,1995,223546,True,71,0.679,0.509,4,-7.31,1,0.0617,0.0856,0.0,0.438,0.534,144.29
The Sound of Hip Hop,0SADXPubFbFXu7ZR3M86io,What's Golden,['Jurassic 5'],Power In Numbers,2002-01-01,2002,188600,True,55,0.833,0.808,10,-4.413,0,0.164,0.0643,0.000646,0.272,0.786,94.008
The Sound of Hip Hop,04w57GO5p1763E44KQ8AKB,My Name (feat. Eminem & Nate Dogg),"['Xzibit', 'Eminem', 'Nate Dogg']",Man VS Machine,2002-08-13,2002,272506,True,62,0.842,0.738,11,-5.114,0,0.219,0.159,5.71e-05,0.0917,0.597,85.873
The Sound of Hip Hop,4NTWZqvfQTlOMitlVn6tew,The Show Goes On,['Lupe Fiasco'],Lasers,2011-03-04,2011,239613,True,72,0.591,0.889,7,-3.839,1,0.115,0.0189,0.0,0.155,0.65,143.067
The Sound of Hip Hop,4omO3Xwm4REEK5HGT6e6yY,So Far to Go,"['J Dilla', 'Common', ""D'Angelo""]",The Shining,2006-08-21,2006,336813,True,56,0.619,0.561,5,-5.351,0,0.0494,0.0087,6.74e-05,0.304,0.285,90.36
The Sound of Hip Hop,0aMHIW1lqrulVCx0LLlr6a,Cocoa Butter Kisses,"['Chance the Rapper', 'VIC MENSA', 'Twista']",Acid Rap,2013-04-30,2013,307187,True,71,0.679,0.645,6,-7.777,0,0.222,0.0518,0.0,0.145,0.203,125.795
The Sound of Hip Hop,2eNSieyqDoZMa3yOSagR4q,Step To My Girl,['Souls Of Mischief'],Hiero Oldies: Volume One,2003-12-13,2003,248800,False,53,0.69,0.672,10,-9.38,0,0.382,0.0395,1.71e-06,0.802,0.736,96.332
The Sound of Hip Hop,1p1b9LdLJ0REuFJX9mYtFX,1985,"['Freddie Gibbs', 'The Alchemist']",Alfredo,2020-05-29,2020,152546,True,65,0.528,0.595,0,-10.35,0,0.281,0.337,0.0,0.389,0.36,130.396
The Sound of Hip Hop,7iL6o9tox1zgHpKUfh9vuC,In Da Club,['50 Cent'],Get Rich Or Die Tryin',2003-02-06,2003,193466,True,86,0.899,0.713,6,-2.752,0,0.366,0.255,0.0,0.0708,0.777,90.051
The Sound of Hip Hop,4EWCNWgDS8707fNSZ1oaA5,Heartless,['Kanye West'],808s & Heartbreak,2008-11-24,2008,211000,False,91,0.79,0.647,10,-5.983,0,0.136,0.0515,0.0,0.248,0.654,87.999
The Sound of Hip Hop,0Q0IVlqMV64kNLlwjPj0Hl,Killing Me Softly With His Song,"['Fugees', 'Ms. Lauryn Hill']",The Score (Expanded Edition),1996-02-13,1996,298773,True,81,0.765,0.29,4,-17.117,0,0.139,0.0279,0.0,0.571,0.506,92.409
The Sound of Hip Hop,7sZCAHP2duHwr5M5K7lHsb,Selfish,"['Slum Village', 'John Legend', 'Kanye West']",Detroit Deli (A Taste Of Detroit),2004-01-01,2004,225400,True,64,0.71,0.597,7,-6.468,1,0.239,0.221,0.0,0.432,0.49,95.769
The Sound of Hip Hop,1q8DwZtQen5fvyB7cKbShC,Walkin,['Denzel Curry'],Melt My Eyez See Your Future,2022-03-25,2022,280000,True,71,0.557,0.654,11,-7.201,0,0.196,0.134,0.0,0.291,0.386,135.983
The Sound of Hip Hop,5KUNwkaNf8l5A9sXZhiCgI,Rapp Snitch Knishes feat. Mr. Fantastik,['MF DOOM'],MM...FOOD,2004-11-16,2004,172893,True,80,0.728,0.832,7,-6.827,1,0.267,0.327,0.0,0.504,0.825,95.051
The Sound of Hip Hop,6LVNGPtSPpc4KDFjvLS8c1,Long Story Short,"['2 Chainz', 'Lil Wayne']",Welcome 2 Collegrove,2023-11-17,2023,210338,True,64,0.843,0.85,2,-4.577,1,0.217,0.266,0.0,0.414,0.571,136.969
The Sound of Hip Hop,1Mo74KiCcZbBZq7liClDjo,High As Hell,['Keith Murray'],It's A Beautiful Thing,1999-01-07,1999,201600,True,46,0.781,0.738,0,-8.876,0,0.335,0.23,0.0,0.261,0.838,96.895
The Sound of Hip Hop,4E5IFAXCob6QqZaJMTw5YN,Poppin' Them Thangs,['G-Unit'],Beg For Mercy,2003-01-01,2003,240800,True,74,0.769,0.818,6,-1.385,0,0.192,0.263,0.0,0.0787,0.918,88.017
The Sound of Hip Hop,5oady7OSE7dH7LHiqmb3Cr,"Dreams, Fairytales, Fantasies (feat. Brent Faiyaz & Salaam Remi)","['A$AP Ferg', 'Brent Faiyaz', 'Salaam Remi']",Floor Seats,2019-08-16,2019,222986,True,79,0.737,0.597,7,-7.333,1,0.119,0.292,0.0,0.13,0.449,92.049
The Sound of Hip Hop,2G1tXoGBaEMJ7FKGnkf6ud,Wake Up in the Sky,"['Gucci Mane', 'Bruno Mars', 'Kodak Black']",Evil Genius,2018-12-07,2018,203161,True,77,0.8,0.578,4,-5.144,0,0.0485,0.00381,0.0,0.367,0.367,143.01
The Sound of Hip Hop,0Puj4YlTm6xNzDDADXHMI9,Sabotage,['Beastie Boys'],Ill Communication,1994-05-23,1994,178440,True,77,0.324,0.938,6,-7.332,0,0.102,0.032,0.0321,0.0961,0.543,168.131
The Sound of Hip Hop,2mmg9SsgIH37CYAxu1kugq,All Night,['Big Boi'],BOOMIVERSE,2017-06-16,2017,241898,True,58,0.849,0.824,4,-4.575,1,0.0442,0.0567,0.0,0.0855,0.83,135.926
The Sound of Hip Hop,7FYH5AW3bVfZHJIQpq3UOA,I Don't Fuck With You,"['Big Sean', 'E-40']",Dark Sky Paradise,2015-02-24,2015,284386,True,78,0.824,0.733,1,-5.474,1,0.0613,0.0362,0.0,0.325,0.395,97.972
The Sound of Hip Hop,6k39WGLrbuNYpdcNDjWTJt,Boom - Explicit Album Version,"['Royce Da 5\'9""']",Rock City,2001-12-31,2001,233493,True,53,0.671,0.657,11,-5.884,0,0.107,0.000491,2.35e-05,0.0601,0.952,94.148
The Sound of Hip Hop,1oTHteQbmJw15rPxPVXUTv,Insane in the Brain,['Cypress Hill'],Black Sunday,1993-07-20,1993,208266,True,76,0.897,0.611,11,-10.489,1,0.211,0.0291,0.186,0.0894,0.769,102.304
The Sound of Hip Hop,0fAehaneUJdlSlWXYe1KZp,Sunday (feat. Frank Ocean),"['Earl Sweatshirt', 'Frank Ocean']",Doris,2013-08-16,2013,205800,True,65,0.716,0.568,2,-8.904,1,0.212,0.278,1.98e-06,0.385,0.905,136.894
The Sound of Hip Hop,5W7xC99N2Zzfh69r7I7zWK,Aston Martin Music,"['Rick Ross', 'Drake', 'Chrisette Michele']",Teflon Don,2010-01-01,2010,270626,True,72,0.57,0.58,1,-5.547,1,0.21,0.0124,0.0,0.0498,0.404,171.812
The Sound of Hip Hop,7KA4W4McWYRpgf0fWsJZWB,See You Again (feat. Kali Uchis),"['Tyler, The Creator', 'Kali Uchis']",Flower Boy,2017-07-21,2017,180386,True,92,0.558,0.559,6,-9.222,1,0.0959,0.371,7.49e-06,0.109,0.62,78.558
The Sound of Hip Hop,0YsGMHid6sFq5PcToe3JZE,Les,['Childish Gambino'],Camp,2011-11-15,2011,317293,True,86,0.541,0.674,1,-7.04,0,0.0841,0.00649,9.76e-05,0.235,0.123,103.139
The Sound of Hip Hop,51rXHuKN8Loc4sUlKPODgH,"King's Dead (with Kendrick Lamar, Future & James Blake)","['Jay Rock', 'Kendrick Lamar', 'Future', 'James Blake']","King's Dead (with Kendrick Lamar, Future & James Blake)",2018-01-12,2018,229670,True,74,0.645,0.705,1,-5.008,1,0.299,0.000813,0.0,0.128,0.376,137.133
The Sound of Hip Hop,2JzZzZUQj3Qff7wapcbKjc,See You Again (feat. Charlie Puth),"['Wiz Khalifa', 'Charlie Puth']",See You Again (feat. Charlie Puth),2015-01-01,2015,229525,False,86,0.689,0.481,10,-7.503,1,0.0815,0.369,1.03e-06,0.0649,0.283,80.025
The Sound of Hip Hop,22WV03i2lBbwNVCE1g671p,151 Rum,['JID'],DiCaprio 2,2018-11-26,2018,156780,True,74,0.756,0.867,7,-3.626,1,0.162,0.155,0.00285,0.33,0.666,129.983
The Sound of Hip Hop,4uQ7wYsuL0DryknoDc11Hk,Norf Norf,['Vince Staples'],Summertime '06,2015-06-30,2015,183160,True,66,0.925,0.549,7,-6.572,1,0.0656,0.396,0.000154,0.11,0.0904,100.014
The Sound of Hip Hop,2IRZnDFmlqMuOrYOLnZZyc,Going Bad (feat. Drake),"['Meek Mill', 'Drake']",Championships,2018-11-30,2018,180522,True,81,0.889,0.496,4,-6.365,0,0.0905,0.259,0.0,0.252,0.544,86.003
The Sound of Hip Hop,1cMMVJ4FDqhCci9efd1BU6,Need It (feat. YoungBoy Never Broke Again),"['Migos', 'YoungBoy Never Broke Again']",Culture III,2021-06-11,2021,195680,True,79,0.852,0.747,11,-3.666,0,0.169,0.0311,0.0,0.0789,0.898,148.005
The Sound of Hip Hop,4TvxDMTOkbK2yt7IfHWqZQ,The Format,"['AZ', 'DJ Premier']",The Format (Special Edition),2006-11-07,2006,183440,True,60,0.609,0.807,9,-4.718,0,0.282,0.158,0.0106,0.0674,0.815,96.076
The Sound of Hip Hop,2hNf1rawV2XAZ6Jld2Fxwf,Always On Time,"['Ja Rule', 'Ashanti']",Pain Is Love,2001-10-02,2001,245093,True,74,0.838,0.705,5,-6.131,0,0.29,0.195,0.0,0.336,0.837,96.643
The Sound of Hip Hop,7t2bFihaDvhIrd2gn2CWJO,"Or Nah (feat. The Weeknd, Wiz Khalifa & DJ Mustard) - Remix","['Ty Dolla $ign', 'The Weeknd', 'Wiz Khalifa', 'Mustard']","Or Nah (feat. The Weeknd, Wiz Khalifa & DJ Mustard) [Remix]",2014-06-10,2014,242983,True,83,0.805,0.33,1,-8.712,0,0.1,0.22,0.0,0.105,0.211,121.97
The Sound of Hip Hop,2ECYtCiyC3zLvFTybWv75p,Mistadobalina,['Del The Funky Homosapien'],I Wish My Brother George Was Here,1991-10-15,1991,253626,False,53,0.798,0.888,10,-4.415,0,0.16,0.104,9.47e-06,0.323,0.661,99.608
The Sound of Hip Hop,7FAFkQQZFeNwOFzTrSDFIh,The Spins,"['Mac Miller', 'Empire of the Sun']",K.I.D.S. (Deluxe),2010-08-13,2010,195873,True,85,0.794,0.766,9,-3.894,0,0.0377,0.0135,0.0,0.0785,0.55,127.006
The Sound of Hip Hop,5tz69p7tJuGPeMGwNTxYuV,1-800-273-8255,"['Logic', 'Alessia Cara', 'Khalid']",Everybody,2017-05-05,2017,250173,True,78,0.62,0.574,5,-7.788,0,0.0479,0.569,0.0,0.19,0.357,100.023
The Sound of Hip Hop,27AHAtAirQapVldIm4c9ZX,Jump,['Kris Kross'],Totally Krossed Out,1992-03-17,1992,195106,False,71,0.749,0.745,2,-10.625,1,0.164,0.000501,0.00403,0.333,0.481,101.972
The Sound of Hip Hop,59nOXPmaKlBfGMDeOVGrIK,WAIT FOR U (feat. Drake & Tems),"['Future', 'Drake', 'Tems']",I NEVER LIKED YOU,2022-04-29,2022,189893,True,86,0.463,0.642,1,-4.474,1,0.34,0.314,0.0,0.0686,0.339,83.389
The Sound of Hip Hop,3R9j8urSPiBbapNbyuSYkE,Grinding All My Life,['Nipsey Hussle'],Victory Lap,2018-02-16,2018,175040,True,70,0.6,0.716,3,-5.554,0,0.384,0.0491,0.0,0.109,0.246,180.165
The Sound of Hip Hop,19OHDib8Jrqi3o2nm5lzdA,My Nigga,"['YG', 'Jeezy', 'Rich Homie Quan']",My Krazy Life,2014-03-18,2014,235632,True,72,0.678,0.479,10,-6.959,0,0.206,0.0812,0.0,0.207,0.762,171.12
The Sound of Hip Hop,52eIcoLUM25zbQupAZYoFh,redrum,['21 Savage'],american dream,2024-01-12,2024,270697,True,96,0.624,0.74,2,-8.445,1,0.0481,0.00529,0.000224,0.5,0.246,172.089
The Sound of Hip Hop,18Mh3v6rBCCpcNYzyaA2RN,Sometimes I Rhyme Slow,['Nice & Smooth'],Ain't A Damn Thing Changed,1991-01-01,1991,172266,True,52,0.797,0.563,6,-14.138,0,0.123,0.119,0.323,0.0969,0.687,108.369
The Sound of Hip Hop,21O0XXPEWPtePt5RMY93Ob,All Caps,"['Madvillain', 'Madlib', 'MF DOOM']",Madvillainy,2004-03-24,2004,130479,True,74,0.358,0.889,1,-8.045,1,0.335,0.266,1.46e-05,0.172,0.666,85.61
The Sound of Hip Hop,0aULRU35N9kTj6O1xMULRR,Magic Stick,"[""Lil' Kim""]",La Bella Mafia,2003-03-03,2003,359973,True,61,0.849,0.499,2,-7.872,1,0.271,0.117,4.97e-05,0.268,0.504,92.982
The Sound of Hip Hop,5miuTiY4VN2wsl1z2aZMei,Daaam!,['Tha Alkaholiks'],Coast II Coast,1995-01-01,1995,284800,False,39,0.645,0.916,6,-5.603,0,0.272,0.00199,0.0,0.155,0.738,96.817
The Sound of Hip Hop,7L93GESzq43UkKUt5FsOCq,Jump Around - 30 Years Remaster,['House Of Pain'],House of Pain (Fine Malt Lyrics) [30 Years] [Deluxe Edition],2022-07-22,2022,218546,True,77,0.811,0.823,4,-5.921,0,0.0423,0.0553,4.52e-06,0.158,0.827,106.929
The Sound of Hip Hop,026pfPaB52WIGawu0PzN5j,Road Of The Lonely Ones,['Madlib'],Sound Ancestors,2021-01-29,2021,218466,False,54,0.641,0.314,2,-11.56,1,0.0375,0.425,0.41,0.116,0.123,95.969
The Sound of Hip Hop,0Pu71wxadDlB8fJXfjIjeJ,Shoop,['Salt-N-Pepa'],Very Necessary,1993-10-12,1993,248573,False,73,0.939,0.675,0,-7.232,1,0.211,0.0915,0.0,0.0565,0.795,96.918
The Sound of Hip Hop,0uEp9E98JB5awlA084uaIg,Doo Wop (That Thing),['Ms. Lauryn Hill'],The Miseducation of Lauryn Hill,1998-08-25,1998,320266,False,79,0.535,0.505,2,-8.926,0,0.245,0.0393,0.0,0.0923,0.495,99.935
The Sound of Hip Hop,3XrvEifl0hIzgBGUa5jBLS,Grindin',['Clipse'],Lord Willin',2002-04-01,2002,264760,True,56,0.592,0.77,1,-3.402,1,0.318,0.122,1.22e-06,0.103,0.361,191.692
The Sound of Hip Hop,7satW8tFLasyZbftvrWFBP,Legend Has It,"['Run The Jewels', 'El-P', 'Killer Mike']",Run The Jewels 3,2016-12-25,2016,205866,True,65,0.827,0.575,7,-6.769,1,0.253,0.0243,0.0,0.0942,0.467,120.97
The Sound of Hip Hop,0Gt4nGWoATcQFL38a1NRao,West Savannah (feat. SZA),"['Isaiah Rashad', 'SZA']",Cilvia Demo,2014-01-28,2014,167276,True,73,0.652,0.906,9,-4.032,1,0.161,0.13,0.0681,0.504,0.559,125.103
The Sound of Hip Hop,0O84vcg38upuklnJxLFUjD,All Together Now,['André 3000'],All Together Now,2010-06-18,2010,134360,False,32,0.492,0.908,2,-3.287,1,0.158,0.226,0.0,0.104,0.872,96.981
The Sound of Hip Hop,1Jm1I3APcmVz3MqPr5vfTx,Into You (feat. Tamia) - Main Mix,"['Fabolous', 'Tamia']",Street Dreams,2003-01-14,2003,293840,True,57,0.681,0.529,7,-7.897,0,0.0341,0.201,0.0,0.184,0.568,91.081
The Sound of Hip Hop,3Dh10QBwBWVQAMJNNhLRq4,You Never Knew,['Hieroglyphics'],3rd Eye Vision,1998-01-01,1998,273573,True,51,0.73,0.837,6,-5.359,0,0.281,0.385,0.0,0.321,0.867,92.127
The Sound of Hip Hop,6MF4tRr5lU8qok8IKaFOBE,Under The Sun (with J. Cole & Lute feat. DaBaby),"['Dreamville', 'J. Cole', 'Lute', 'DaBaby']",Revenge Of The Dreamers III,2019-07-05,2019,202040,True,77,0.691,0.64,0,-6.441,1,0.369,0.511,0.0,0.409,0.163,138.672
The Sound of Hip Hop,3QFInJAm9eyaho5vBzxInN,family ties (with Kendrick Lamar),"['Baby Keem', 'Kendrick Lamar']",The Melodic Blue,2021-09-10,2021,252262,True,84,0.711,0.611,1,-5.453,1,0.33,0.00588,0.0,0.23,0.144,134.093
The Sound of Hip Hop,1tkMs9wDPknQ3ZHcKDw1ES,Buy U a Drank (Shawty Snappin') (feat. Yung Joc),"['T-Pain', 'Yung Joc']",Epiphany (Expanded Edition),2007-06-05,2007,227960,False,80,0.693,0.549,1,-8.141,1,0.119,0.0109,0.0,0.0677,0.605,80.028
The Sound of Hip Hop,1nSUJWYRqsafI8Bh1X0ypp,People Everyday - Metamorphosis Mix,['Arrested Development'],Extended Revolution,2003-01-01,2003,298773,False,61,0.843,0.508,10,-13.918,1,0.221,0.00852,2.1e-06,0.648,0.704,91.094
The Sound of Hip Hop,01Lr5YepbgjXAWR9iOEyH1,Love Sosa,['Chief Keef'],Finally Rich,2012-01-01,2012,246213,True,85,0.772,0.413,0,-8.193,0,0.089,0.0361,0.0,0.111,0.211,131.965
The Sound of Hip Hop,4Ls53fBNVfaXTROBi6X8Hw,Just Wanna Rock,['Lil Uzi Vert'],Pink Tape,2023-06-30,2023,123890,True,81,0.485,0.545,11,-7.924,1,0.0336,0.0651,0.00547,0.0642,0.0385,150.185
The Sound of Hip Hop,6sCtddSFg3foJn4K2pIhfQ,Hail Mary,['Makaveli'],The Don Killuminati: The 7 Day Theory,1996-11-05,1996,309800,True,71,0.696,0.636,10,-6.915,0,0.335,0.158,1.28e-05,0.338,0.358,81.593
The Sound of Hip Hop,7sO5G9EABYOXQKNPNiE9NR,Ric Flair Drip (with Metro Boomin),"['Offset', 'Metro Boomin']",Without Warning,2017-10-30,2017,172800,True,87,0.88,0.428,9,-8.28,1,0.206,0.149,5.05e-05,0.114,0.333,100.007
The Sound of Hip Hop,6MtStOzbbrBAEJUgLeYkIg,DO BETTER,"['Ab-Soul', 'Zacari']",HERBERT,2022-12-16,2022,231888,True,54,0.682,0.821,6,-6.201,1,0.0652,0.281,0.00408,0.101,0.634,88.006
The Sound of Hip Hop,69NnqvHgusUOC7u69UDlUf,So Sweet - Album Version (Edited),['Def Squad'],Def Squad Presents Erick Onasis,2000-01-01,2000,197600,False,23,0.767,0.729,1,-3.89,1,0.301,0.0355,0.0,0.176,0.772,93.307
The Sound of Hip Hop,4PpuH4mxL0rD35mOWaLoKS,Lemon,"['N.E.R.D', 'Rihanna', 'Pharrell Williams']",NO ONE EVER REALLY DIES,2017-12-15,2017,219706,True,62,0.916,0.727,1,-6.556,1,0.0861,0.00214,0.000145,0.118,0.201,94.997
The Sound of Hip Hop,2KrkWcSP0oFWBUZzvj9KjS,Grown Up,['Danny Brown'],Grown Up,2012-06-05,2012,139930,True,62,0.635,0.766,11,-6.459,1,0.26,0.132,0.0,0.122,0.685,93.603
The Sound of Hip Hop,3GXSywNvYLAVUCtjMHkKDh,E. Coli (feat. Earl Sweatshirt),"['The Alchemist', 'Earl Sweatshirt']",Bread,2018-11-30,2018,132147,True,74,0.322,0.555,11,-8.726,0,0.129,0.208,0.00437,0.325,0.397,96.019
The Sound of Hip Hop,7aSnPAggMMgElb6BgXeSEw,Worst Comes To Worst - Edited,['Dilated Peoples'],Expansion Team,2001-10-23,2001,215973,False,62,0.801,0.74,8,-7.162,0,0.355,0.293,0.0,0.369,0.828,92.042
The Sound of Hip Hop,0cNJ3huiV99wvUN1tmQLTL,"Beamer, Benz, Or Bentley","['Lloyd Banks', 'Juelz Santana']",H.F.M. 2 (Hunger For More 2),2010-01-01,2010,208386,True,58,0.652,0.671,4,-5.376,0,0.315,0.00402,2.89e-05,0.598,0.518,159.963
The Sound of Hip Hop,276zciJ7Fg7Jk6Ta6QuLkp,Come Down,['Anderson .Paak'],Malibu,2016-01-15,2016,169726,True,66,0.841,0.898,8,-7.135,1,0.104,0.271,0.0151,0.304,0.931,98.401
The Sound of Hip Hop,3J6vrRMz6EfwH2sgYiyNhc,Oye Mi Canto,"['N.O.R.E.', 'Daddy Yankee', 'Nina Sky', 'Gemstar', 'Big Mato']",N.O.R.E. Y La Familia,2006-07-18,2006,240973,True,68,0.677,0.946,6,-2.887,1,0.0553,0.185,3.56e-06,0.274,0.948,96.011
The Sound of Hip Hop,6clDsO8HwhHEgJDDp88VdL,Two Tens (feat. Anderson .Paak),"['Cordae', 'Anderson .Paak']",Two Tens (feat. Anderson .Paak),2023-01-25,2023,152371,True,69,0.603,0.546,4,-7.525,0,0.35,0.194,2.68e-06,0.0783,0.667,87.99
The Sound of Hip Hop,1UsPflAuWTNteFUPJAJe8E,SCIENTISTS & ENGINEERS (feat. Future & Eryn Allen Kane),"['Killer Mike', 'André 3000', 'Eryn Allen Kane', 'Future']",MICHAEL,2023-06-16,2023,253663,True,70,0.524,0.719,5,-7.287,0,0.311,0.668,0.0,0.225,0.464,140.284
The Sound of Hip Hop,6Ozh9Ok6h4Oi1wUSLtBseN,BOP,['DaBaby'],KIRK,2019-09-27,2019,159714,True,80,0.769,0.787,11,-3.909,1,0.367,0.189,0.0,0.129,0.836,126.77
The Sound of Hip Hop,7gDwRzJhLs0fFHaGtMDJVM,Baby Blue (feat. Chance the Rapper),"['Action Bronson', 'Chance the Rapper']",Mr. Wonderful,2015-03-23,2015,280160,True,63,0.828,0.487,6,-6.142,0,0.0343,0.247,1.86e-05,0.136,0.761,85.027
The Sound of Hip Hop,7lQ8MOhq6IN2w8EYcFNSUk,Without Me,['Eminem'],The Eminem Show,2002-05-26,2002,290320,True,91,0.908,0.669,7,-2.827,1,0.0738,0.00286,0.0,0.237,0.662,112.238
The Sound of Hip Hop,0gFB5H3pHN13ERt2FyMuWi,It Takes Two,['Rob Base & DJ EZ Rock'],It Takes Two,1988-05-05,1988,300640,False,62,0.8,0.723,2,-9.719,1,0.158,0.00228,0.0,0.26,0.651,111.593
The Sound of Hip Hop,0ARK753YaiJbpLUk7z5yIM,Dilemma,"['Nelly', 'Kelly Rowland']",Nellyville,2002-06-25,2002,289160,True,82,0.727,0.552,2,-8.074,0,0.14,0.227,0.000164,0.198,0.607,168.189
The Sound of Hip Hop,4TIqzdAssasqx3DAe6cG9J,Ramen & OJ,"['Joyner Lucas', 'Lil Baby']",Ramen & OJ,2021-04-30,2021,218447,True,73,0.597,0.571,1,-6.205,0,0.293,0.492,0.0,0.093,0.165,106.196
The Sound of Hip Hop,2dHHgzDwk4BJdRwy9uXhTO,Creepin' (with The Weeknd & 21 Savage),"['Metro Boomin', 'The Weeknd', '21 Savage']",HEROES & VILLAINS,2022-12-02,2022,221520,True,91,0.715,0.62,1,-6.005,0,0.0484,0.417,0.0,0.0822,0.172,97.95
The Sound of Hip Hop,4Mb5DVgLbFjlSwcuMdOw7B,Exhibit C,['Jay Electronica'],Exhibit C,2009-12-22,2009,331440,True,55,0.504,0.811,5,-11.966,0,0.191,0.0276,0.0,0.388,0.382,82.01
The Sound of Hip Hop,0RyA3o15NOLJYtm9NlDu5c,"Frat Rules (feat. A$AP Rocky, Playboi Carti & Big Sean)","['A$AP Mob', 'A$AP Rocky', 'Playboi Carti', 'Big Sean']",Cozy Tapes Vol. 2: Too Cozy,2017-08-25,2017,218946,True,67,0.635,0.777,1,-6.018,1,0.231,0.181,0.0,0.357,0.177,128.09
The Sound of Hip Hop,3B54sVLJ402zGa6Xm4YGNe,Unforgettable,"['French Montana', 'Swae Lee']",Jungle Rules,2017-07-14,2017,233901,True,88,0.726,0.769,6,-5.043,1,0.123,0.0293,0.0101,0.104,0.733,97.985
The Sound of Hip Hop,6wsqVwoiVH2kde4k4KKAFU,I KNOW ?,['Travis Scott'],UTOPIA,2023-07-28,2023,211582,True,92,0.927,0.619,5,-4.441,0,0.0539,0.0186,0.0,0.104,0.817,117.995
The Sound of Hip Hop,5agUciz049d0zxxbqgDk9g,Fame,"['U-God', 'Styles P']",The Keynote Speaker,2013-07-23,2013,251351,True,15,0.604,0.822,0,-4.009,0,0.164,0.00605,0.0,0.123,0.902,84.992
The Sound of Hip Hop,1yeB8MUNeLo9Ek1UEpsyz6,Rich Baby Daddy (feat. Sexyy Red & SZA),"['Drake', 'Sexyy Red', 'SZA']",For All The Dogs,2023-10-06,2023,319191,True,93,0.645,0.729,2,-4.56,1,0.0528,0.0377,0.0,0.384,0.142,146.01
The Sound of Hip Hop,2toVe5hfuIi97ytDPDbQFt,Taste (feat. Offset),"['Tyga', 'Offset']",Legendary,2019-06-07,2019,229210,True,78,0.866,0.613,0,-6.385,1,0.151,0.0293,0.0,0.104,0.359,98.001
The Sound of Hip Hop,1ThmUihH9dF8EV08ku5AXN,Faucet Failure,['Ski Mask The Slump God'],STOKELEY,2018-11-30,2018,145626,True,76,0.935,0.552,10,-9.373,0,0.335,0.111,0.0,0.0952,0.615,99.993
The Sound of Hip Hop,1tfG2xbt0ChyClVTf8imjP,Live at the Barbeque - 2017 Remastered Version,"['Main Source', 'Nas']",Breaking Atoms (2017 Remastered),1991-11-12,1991,275090,True,46,0.767,0.909,6,-4.347,0,0.276,0.0794,0.0,0.389,0.389,102.068
The Sound of Hip Hop,1B75hgRqe7A4fwee3g3Wmu,U Can't Touch This,['MC Hammer'],Please Hammer Don't Hurt 'Em,1990-02-20,1990,257359,False,76,0.867,0.517,11,-13.222,0,0.0875,0.00456,0.000339,0.0864,0.866,133.148
The Sound of Hip Hop,1DIXPcTDzTj8ZMHt3PDt8p,Gangsta's Paradise,"['Coolio', 'L.V.']",Gangsta's Paradise,1995-11-07,1995,240693,False,88,0.647,0.514,8,-10.05,1,0.0593,0.0655,0.0,0.398,0.386,79.975
The Sound of Hip Hop,1OAh8uOEOvTDqkKFsKksCi,Wild Thoughts (feat. Rihanna & Bryson Tiller),"['DJ Khaled', 'Rihanna', 'Bryson Tiller']",Grateful,2017-06-22,2017,204173,True,80,0.671,0.672,0,-3.094,0,0.0688,0.0329,0.0,0.118,0.632,97.979
The Sound of Hip Hop,4TlYG3mKosVWfGbb9VfDh3,Make You Feel That Way,['Blackalicious'],Blazing Arrow,2002-04-30,2002,206400,False,54,0.845,0.517,1,-9.35,1,0.31,0.202,0.00237,0.134,0.641,117.929
The Sound of Hip Hop,6JOlKtytHC4adwPxN0rc69,Can't Breathe,"['9th Wonder', '.SMITTY']",Zion IV,2019-12-13,2019,120893,False,49,0.771,0.697,10,-6.304,0,0.0882,0.143,0.00033,0.399,0.524,91.465
The Sound of Hip Hop,4XHQyvbrBsQaaBUW1VvmsL,My Band,['D12'],D-12 World,2004-01-01,2004,298773,True,76,0.851,0.849,1,-3.383,0,0.0828,0.497,2.05e-06,0.116,0.844,120.014
The Sound of Hip Hop,3VaUx4drij8PSdSoz1JLz3,"Swing - From ""Marvel's Spider-Man 2""","['EARTHGANG', 'Benji.']","Swing (From ""Marvel's Spider-Man 2"")",2023-09-14,2023,184346,False,62,0.761,0.849,11,-5.557,0,0.308,0.0498,0.000133,0.141,0.353,140.099
The Sound of Hip Hop,4dY4JVC0Q9CwpeZ6JAclIc,Rump Shaker,['Wreckx-N-Effect'],Hard Or Smooth,1992-01-01,1992,312360,False,60,0.888,0.822,5,-6.843,0,0.219,0.0025,0.0197,0.303,0.233,102.753
The Sound of Hip Hop,5sxRbu2Oi9lgmLO8taA3Rf,"327 (feat. Tyler, The Creator & Billie Essco)","['Westside Gunn', 'Joey Bada$$', 'Tyler, The Creator', 'Billie Essco']",Pray for Paris,2020-04-17,2020,349040,True,66,0.42,0.701,1,-7.582,0,0.339,0.832,0.0,0.103,0.671,79.716
The Sound of Hip Hop,7d3mjNFdtUxeqc6zqYNnia,Big Dog (with Lil Wayne),"['Benny The Butcher', 'Lil Wayne']",Everybody Can't Go,2024-01-26,2024,251412,True,59,0.56,0.776,11,-5.933,0,0.452,0.467,0.0,0.322,0.427,147.014
The Sound of Hip Hop,6hO3OQ7DDZtjYnVh4EaM3B,The Sun God,['Hi-Tek'],Hi-Teknology,2020-01-08,2020,274826,True,50,0.9,0.761,1,-4.557,1,0.0481,0.283,0.00019,0.32,0.966,93.429
The Sound of Hip Hop,6T7FXSuXykeGktMLGp8WgE,All My Life (feat. J. Cole),"['Lil Durk', 'J. Cole']",Almost Healed,2023-05-26,2023,223878,True,76,0.787,0.57,3,-5.881,1,0.225,0.0449,0.0,0.135,0.733,142.974
The Sound of Hip Hop,36N2bDLedBsK9VylCszIwH,Country Sh*t (Remix),"['Big K.R.I.T.', 'Ludacris', 'Bun B']",Country Sh*t (Remix),2011-01-01,2011,242466,True,53,0.732,0.572,0,-6.157,1,0.0386,0.00117,0.0,0.378,0.239,128.05
The Sound of Hip Hop,3EcqaLV76JnvSQOInAmdXv,Smoke Break-Dance (feat. JID),"['Mick Jenkins', 'JID']",The Patience,2023-08-18,2023,175750,True,61,0.893,0.657,9,-7.054,0,0.0633,0.0932,2.19e-06,0.0786,0.817,119.957
The Sound of Hip Hop,0gljI0CtjpdZK6ecidfxto,Wild Thing,['Tone-Loc'],Loc-ed After Dark,1989-01-01,1989,263573,False,63,0.943,0.685,7,-11.903,1,0.188,0.000507,8.56e-06,0.0604,0.813,125.515
The Sound of Hip Hop,42Bczh6IIyTYJduQnfS92p,I See Now,['Little Brother'],The Chittlin' Circuit Circuit 1.5 (Deluxe Edition),2005-06-21,2005,259708,True,42,0.601,0.676,7,-11.128,1,0.16,0.295,3.71e-05,0.346,0.789,92.058
The Sound of Hip Hop,4OxXBAN51tjVBEjSwuWWbv,U.N.I.T.Y.,['Queen Latifah'],Black Reign,1993-11-16,1993,250840,False,53,0.679,0.468,4,-11.768,0,0.386,0.0149,1.46e-06,0.203,0.503,94.126
The Sound of Hip Hop,52okn5MNA47tk87PeZJLEL,Let You Down,['NF'],Perception,2017-10-06,2017,212120,False,83,0.662,0.714,5,-5.68,0,0.121,0.312,0.0,0.179,0.464,147.997
The Sound of Hip Hop,5EWWCzpA6D8UTRbVQbScp6,Drama Setter,"['Tony Yayo', 'Eminem', 'Obie Trice']",Thoughts Of A Predicate Felon,2005-01-01,2005,303533,True,51,0.728,0.647,10,-5.199,0,0.24,0.0354,1.7e-06,0.285,0.215,160.009
The Sound of Hip Hop,6e8Ou0wiqAzIpWb2eSxll8,Miami,['Will Smith'],Big Willie Style,1997-10-03,1997,197560,False,75,0.877,0.534,1,-6.178,1,0.15,0.0339,1.67e-05,0.0441,0.89,108.17
The Sound of Hip Hop,17jeLyQcEUmKv3MXeEo79k,"Smile (Living My Best Life) (feat. Snoop Dogg, Ball Greezy & Midnight Star)","['Lil Duval', 'Snoop Dogg', 'Ball Greezy', 'Midnight Star']",Smile (Living My Best Life) [feat. Snoop Dogg & Ball Greezy & Midnight Star],2018-07-03,2018,214159,True,51,0.874,0.727,8,-7.689,1,0.0777,0.09,5.83e-06,0.0759,0.427,98.97
The Sound of Hip Hop,1TskA35pmMcjFPPWstSVvO,Come Through And Chill (feat. Miguel),"['Salaam Remi', 'Miguel']",Do It FoR ThE CulTuRe 2,2020-01-03,2020,279893,True,40,0.464,0.593,1,-11.324,1,0.086,0.165,0.000763,0.198,0.523,86.656
The Sound of Hip Hop,5PQmSHzWnlgG4EBuIqjac2,If I Ruled the World (Imagine That) (feat. Lauryn Hill),"['Nas', 'Ms. Lauryn Hill']",It Was Written,1996-07-02,1996,282373,True,73,0.879,0.564,10,-7.682,0,0.247,0.0474,9.43e-06,0.0519,0.523,93.908
The Sound of Hip Hop,20s3FayrStM8GY0m4dRFsw,Paid In Full,"['Eric B. & Rakim', 'Marley Marl']",Paid In Full,1987-07-07,1987,228666,False,55,0.878,0.851,7,-8.971,1,0.232,0.00228,0.00125,0.0509,0.404,99.014
The Sound of Hip Hop,0eEXcw3JLVXcRxYrVYMy68,Electric Relaxation,['A Tribe Called Quest'],The Anthology,1999-10-26,1999,226133,False,71,0.866,0.534,11,-9.201,1,0.229,0.184,0.266,0.0929,0.841,98.243
The Sound of Hip Hop,24vNw0Z0srb4zYXwrakw8E,"Wu-Tang Clan Ain't Nuthing ta F' Wit (feat. RZA, Inspectah Deck & Method Man)","['Wu-Tang Clan', 'RZA', 'Inspectah Deck', 'Method Man']",Enter The Wu-Tang (36 Chambers) [Expanded Edition],1993-11-09,1993,216040,True,69,0.826,0.566,10,-10.747,0,0.311,0.199,0.0,0.356,0.655,99.131
The Sound of Hip Hop,0I3q5fE6wg7LIfHGngUTnV,Ms. Jackson,['Outkast'],Stankonia,2000-10-31,2000,270506,True,84,0.843,0.806,4,-5.946,0,0.269,0.143,0.0,0.0771,0.613,94.948
The Sound of Hip Hop,5xXL4i9L2ZbKBtENNh8fWY,Step into a World (Rapture's Delight),['KRS-One'],I Got Next,1997-05-20,1997,289906,False,58,0.803,0.806,0,-7.805,1,0.265,0.00761,0.00544,0.101,0.624,94.994
The Sound of Hip Hop,3gRlmtdCyNoKiyozn2pqc9,Mathematics,['Mos Def'],Black On Both Sides,1999-10-12,1999,246440,True,62,0.753,0.749,1,-6.132,0,0.316,0.0285,0.0,0.0845,0.832,93.79
The Sound of Hip Hop,5eWj4hoqE9cf8mCE1pkB7M,Rock Co.Kane Flow (feat. MF DOOM),"['De La Soul', 'MF DOOM']",The Grind Date,2004-10-05,2004,185266,True,62,0.733,0.67,10,-3.532,0,0.132,0.119,0.0,0.442,0.763,86.983
The Sound of Hip Hop,3ABG1UQTk0eLYUAeWkmfMi,Shimmy Shimmy Ya,"[""Ol' Dirty Bastard""]",Return to the 36 Chambers: The Dirty Version,1995-01-01,1995,161400,True,70,0.814,0.481,0,-5.183,1,0.245,0.097,3.83e-05,0.0495,0.193,96.252
The Sound of Hip Hop,7N1Vjtzr1lmmCW9iasQ8YO,Survival of the Fittest,['Mobb Deep'],The Infamous,1995-04-25,1995,224533,True,73,0.813,0.703,11,-5.077,0,0.268,0.125,1.26e-06,0.237,0.241,94.828
The Sound of Hip Hop,7aRGb3vZGMLNpK2PEdUjdA,He Got Game,"['Public Enemy', 'Stephen Stills']",He Got Game (Soundtrack),1998-04-21,1998,286200,True,59,0.825,0.639,4,-6.607,1,0.185,0.0731,0.0225,0.0612,0.866,97.389
The Sound of Hip Hop,5NiUrZVKyLpsyj62Roq5FW,The Light,['Common'],Like Water For Chocolate,2000-01-01,2000,261693,True,57,0.939,0.727,4,-4.349,0,0.235,0.0346,0.0,0.0854,0.662,96.968
The Sound of Hip Hop,3F3R4uyTMkX9jRCEVVmdz6,Bring The Pain,['Method Man'],Tical,1994-11-15,1994,189760,True,63,0.835,0.456,6,-10.195,0,0.266,0.38,0.00359,0.16,0.224,101.889
The Sound of Hip Hop,2g8HN35AnVGIk7B8yMucww,Big Poppa - 2005 Remaster,['The Notorious B.I.G.'],Ready to Die (The Remaster),1994-09-13,1994,252746,True,81,0.78,0.575,9,-7.247,0,0.273,0.43,0.0,0.143,0.773,84.492
The Sound of Hip Hop,6qUEOWqOzu1rLPUPQ1ECpx,Walk This Way (feat. Aerosmith),"['Run–D.M.C.', 'Aerosmith']",Raising Hell,1986-05-15,1986,310386,False,71,0.761,0.711,9,-7.989,1,0.0604,0.0174,0.000101,0.0652,0.947,105.448
The Sound of Hip Hop,6HxweNytuEQdmGeVtZPZz3,The Seed (2.0),"['The Roots', 'Cody Chesnutt']",Phrenology,2002-01-01,2002,267933,True,66,0.758,0.957,7,-2.281,1,0.0357,0.039,0.0,0.133,0.966,111.121
The Sound of Hip Hop,2igwFfvr1OAGX9SKDCPBwO,Empire State Of Mind,"['JAY-Z', 'Alicia Keys']",The Blueprint 3,2009-09-08,2009,276920,True,86,0.491,0.956,11,-1.538,1,0.392,0.0295,0.0,0.46,0.811,173.585
The Sound of Hip Hop,01CuCSqlNItevX7F1GcopF,So Wat Cha Sayin',['EPMD'],Unfinished Business,1989-04-01,1989,297333,False,46,0.796,0.701,7,-10.857,1,0.316,0.178,0.000238,0.157,0.475,102.08
The Sound of Hip Hop,7gKgd0P3dAAePiSQQBqrlf,Break Ya Neck,['Busta Rhymes'],Genesis,2001-11-07,2001,231240,True,72,0.82,0.809,4,-6.759,0,0.251,0.443,0.00175,0.0613,0.737,83.011
The Sound of Hip Hop,4dbZObCjUs95HtmEHfKbnU,Feel Me Flow,['Naughty By Nature'],Poverty's Paradise (25th Anniversary - Remastered),1995-01-01,1995,212760,True,68,0.817,0.817,8,-4.911,0,0.135,0.098,1.61e-06,0.0798,0.854,90.194
The Sound of Hip Hop,7tx1TUJrT6qxXFXAELqbev,Thieves In The Night,['Black Star'],Mos Def & Talib Kweli Are Black Star,1998-09-29,1998,311960,True,55,0.816,0.597,1,-6.407,1,0.281,0.147,0.0,0.138,0.558,92.04
The Sound of Hip Hop,4LwU4Vp6od3Sb08CsP99GC,The Next Episode,"['Dr. Dre', 'Snoop Dogg']",2001,1999-11-16,1999,161506,True,83,0.922,0.909,10,-2.429,0,0.27,0.0281,0.0,0.0856,0.309,95.295
The Sound of Hip Hop,6KIKRz9eSTXdNsGUnomdtW,Straight Outta Compton,['N.W.A.'],Straight Outta Compton,1988-08-08,1988,258687,True,74,0.834,0.878,8,-9.484,1,0.15,0.0461,0.0,0.334,0.418,102.848
The Sound of Hip Hop,30oTS7bm0aH3p7lqjEIu8q,Full Clip,['Gang Starr'],Full Clip: A Decade Of Gang Starr,1999-07-13,1999,217440,True,70,0.875,0.745,1,-5.878,1,0.269,0.0227,2.37e-06,0.287,0.749,95.201
The Sound of Hip Hop,4WMBl2wiGUSGa5C7tfQEAo,Doin' It,"['LL COOL J', 'Leshaun']",Mr. Smith (Deluxe Edition),1995-11-21,1995,293933,True,64,0.801,0.55,10,-11.044,0,0.209,0.365,0.0234,0.117,0.609,94.994
The Sound of Hip Hop,0XgpiStoxq1IJncYlPrvZ5,Runnin',['The Pharcyde'],Labcabincalifornia (Deluxe Edition),1995-01-01,1995,296266,True,68,0.754,0.785,10,-8.178,0,0.18,0.0287,0.00144,0.319,0.821,94.123
The Sound of Hip Hop,2Ih217RCGAmyQR68Nn7Cqo,You Know How We Do It,['Ice Cube'],Lethal Injection,1993-12-07,1993,232773,True,81,0.747,0.52,10,-10.523,0,0.0357,0.0977,0.0537,0.142,0.601,92.869
The Sound of Hip Hop,0Z2J91b2iTGLVTZC4fKgxf,Hit 'Em Up - Single Version,"['2Pac', 'Outlawz']",Greatest Hits,1998-01-01,1998,312626,True,82,0.916,0.844,7,-3.967,1,0.236,0.0394,0.0,0.0778,0.586,95.19
The Sound of Hip Hop,2uuJs2nltcYFh9pkKP7bW4,Show Me,['Joey Bada$$'],2000,2022-07-22,2022,220386,True,74,0.599,0.646,6,-6.326,1,0.337,0.222,4.36e-06,0.128,0.638,176.153
The Sound of Hip Hop,3GCdLUSnKSMJhs4Tj6CV3s,All The Stars (with SZA),"['Kendrick Lamar', 'SZA']",Black Panther The Album Music From And Inspired By,2018-02-09,2018,232186,True,88,0.698,0.633,8,-4.946,1,0.0597,0.0605,0.000194,0.0926,0.552,96.924
The Sound of Hip Hop,2P8KBF5BtraQiGpxDXrCnF,My Philosophy,['Boogie Down Productions'],By All Means Necessary (Expanded Edition),1988-04-12,1988,340133,False,45,0.875,0.907,4,-11.434,0,0.166,0.0166,0.0,0.36,0.743,94.005
The Sound of Hip Hop,4dASQiO1Eoo3RJvt74FtXB,"Sucker for Pain (with Wiz Khalifa, Imagine Dragons, Logic & Ty Dolla $ign feat. X Ambassadors)","['Lil Wayne', 'Wiz Khalifa', 'Imagine Dragons', 'X Ambassadors', 'Logic', 'Ty Dolla $ign']",Sucker for Pain (with Logic & Ty Dolla $ign feat. X Ambassadors),2016-06-24,2016,243490,True,79,0.502,0.786,9,-4.378,0,0.317,0.255,0.0,0.65,0.739,169.021
The Sound of Hip Hop,0sMIqkhsrKaIU3G1WwlY2X,"I Need a Girl (Pt. Two) [feat. Ginuwine, Loon, Mario Winans & Tammy Ruggieri]","['Diddy', 'Ginuwine', 'Loon', 'Mario Winans', 'Tammy Ruggieri']",We Invented The Remix,2002-05-14,2002,285600,True,62,0.924,0.484,1,-7.255,1,0.271,0.405,0.0,0.0311,0.756,100.014
The Sound of Hip Hop,2NBQmPrOEEjA8VbeWOQGxO,Drop It Like It's Hot,"['Snoop Dogg', 'Pharrell Williams']",R&G (Rhythm & Gangsta): The Masterpiece,2004-01-01,2004,266066,True,79,0.888,0.632,1,-3.872,1,0.219,0.19,0.0,0.101,0.662,91.979
The Sound of Hip Hop,2UGDIXZk00zzAhncymBXo1,Same Song - Edit Version,['Digital Underground'],Hi-Five: Digital Underground,2005-06-19,2005,237533,False,51,0.813,0.687,1,-10.178,1,0.152,0.0558,0.0,0.113,0.732,103.196
The Sound of Hip Hop,1962ZwEY7WNQLcmYFn3eR9,Where I'm From,['Digable Planets'],Reachin' (A New Refutation Of Time And Space),1993-01-01,1993,275342,False,59,0.876,0.42,0,-18.246,0,0.279,0.188,0.00186,0.0668,0.706,98.304
The Sound of Hip Hop,2212oBX0YELcs0sr6DqGer,Music & Me,['Nate Dogg'],Music and Me,2001-12-04,2001,240626,True,61,0.905,0.414,8,-8.112,0,0.0615,0.105,0.000366,0.0914,0.758,99.133
The Sound of Hip Hop,7q6lr1W6cmGWijl5kCv5RG,Real Muthaphuckkin G's,['Eazy-E'],It's On (Dr. Dre) 187um Killa,1993-11-05,1993,332626,True,69,0.735,0.797,11,-4.611,0,0.285,0.0174,0.0,0.62,0.731,170.444
The Sound of Hip Hop,1dp8aQANyTRKssDeAYPiZe,Scrape It Off (feat. Lil Uzi Vert & Don Toliver),"['Pusha T', 'Lil Uzi Vert', 'Don Toliver']",It's Almost Dry,2022-04-22,2022,152612,True,63,0.594,0.679,7,-3.702,1,0.345,0.484,7.83e-06,0.114,0.66,106.726
The Sound of Hip Hop,2ImuQo1g14CTR9hZAZD3aQ,This D.J.,"['Warren G', 'O.G.L.B.']",Regulate… G Funk Era,1994-06-07,1994,203026,True,70,0.804,0.443,6,-10.268,0,0.134,0.0312,0.0225,0.112,0.58,92.035
The Sound of Hip Hop,3ZaEs1O8BG581qYPHpQ8d6,I Smoked Away My Brain (I'm God x Demons Mashup) (feat. Imogen Heap & Clams Casino),"['A$AP Rocky', 'Imogen Heap', 'Clams Casino']",I Smoked Away My Brain (I'm God x Demons Mashup) (feat. Imogen Heap & Clams Casino),2023-08-18,2023,190285,True,84,0.47,0.652,2,-9.629,1,0.0561,0.0831,4.08e-05,0.175,0.104,141.981
The Sound of Hip Hop,7Ezwtgfw7khBrpvaNPtMoT,All The Way Up (feat. Infared),"['Fat Joe', 'Remy Ma', 'French Montana', 'InfaRed']",Plata O Plomo,2017-02-17,2017,191900,True,65,0.414,0.807,10,-4.12,0,0.348,0.0428,0.0,0.822,0.409,175.158
The Sound of Hip Hop,4kTLpAbhuEGHAAdDjOIWaa,Pursuit Of Happiness (Nightmare),"['Kid Cudi', 'MGMT', 'Ratatat']",Man On The Moon: The End Of Day (Int'l Version),2009-01-01,2009,295293,True,73,0.627,0.589,0,-9.056,1,0.0405,0.497,7.05e-05,0.324,0.247,115.284
The Sound of Hip Hop,4PmMVdIFpJTB9WQbmILf4p,How We Do,"['The Game', '50 Cent']",The Documentary,2005-01-01,2005,235533,True,78,0.862,0.648,4,-7.401,0,0.251,0.0455,0.0,0.0332,0.637,98.012
The Sound of Hip Hop,5SsR3wtCOafDmZgvIdRhSm,Man Of The Year,['ScHoolboy Q'],Oxymoron (Deluxe),2014-01-01,2014,216013,True,73,0.749,0.865,3,-5.228,1,0.0413,0.00536,0.0,0.198,0.371,111.914
The Sound of Hip Hop,3sog6rNg0KoftO7ltWoNjf,Get Down,['Craig Mack'],Project: Funk Da World,1994-01-01,1994,266866,True,44,0.701,0.568,1,-9.026,1,0.245,0.28,5.75e-05,0.0555,0.537,93.891
The Sound of Hip Hop,2W1ClVyalH5ys0HIN3FGvU,White Lines (Don't Do It),"['Grandmaster Flash', 'Grandmaster Melle Mel']","Grandmaster Flash, Grandmaster Melle-Mel & The Furious Five: The Greatest Hits",2006-05-01,2006,269666,False,52,0.844,0.522,0,-13.277,1,0.0874,0.0846,3.24e-05,0.0729,0.771,115.267
The Sound of Hip Hop,0HOqINudNgQFpg1le5Hnqe,Damn It Feels Good to Be a Gangsta,['Geto Boys'],Uncut Dope,1992-11-17,1992,310600,True,61,0.785,0.793,1,-7.915,1,0.163,0.22,0.718,0.124,0.655,88.902
The Sound of Hip Hop,3bMNprrp2JDKZsGbiXpsJl,My Chick Bad,"['Ludacris', 'Nicki Minaj']",Battle Of The Sexes (Deluxe),2010-01-01,2010,216933,True,68,0.624,0.723,1,-6.782,1,0.378,0.172,0.0,0.483,0.757,84.789
The Sound of Hip Hop,0LWkaEyQRkF0XAms8Bg1fC,Party Up,['DMX'],...And Then There Was X,1999-12-21,1999,268866,True,74,0.51,0.931,11,-3.302,1,0.347,0.0738,0.0,0.5,0.53,201.936
The Sound of Hip Hop,4tqcoej1zPvwePZCzuAjJd,Wet Dreamz,['J. Cole'],2014 Forest Hills Drive,2014-12-09,2014,239266,True,87,0.495,0.722,6,-8.108,0,0.357,0.0697,0.0,0.113,0.539,175.627
The Sound of Hip Hop,1IAzD1muglOxOcPbUHs70R,Whatever You Like,['T.I.'],Paper Trail,2008-09-07,2008,249533,True,77,0.68,0.687,9,-6.162,0,0.0709,0.0161,0.0,0.261,0.467,150.053
The Sound of Hip Hop,56fD3NCRP1of3Ml7UPzux4,Never Seen Before Remix,"['Erick Sermon', 'EPMD']",Green Eyed Remixes 2,2018-08-03,2018,173520,True,48,0.77,0.681,7,-8.278,1,0.326,0.399,0.0,0.172,0.75,95.901
The Sound of Hip Hop,6zsk6uF3MxfIeHPlubKBvR,Get Ur Freak On,['Missy Elliott'],Miss E... So Addictive,2001-05-14,2001,211120,True,72,0.797,0.75,0,-9.369,1,0.247,0.533,0.108,0.095,0.74,177.87
The Sound of Hip Hop,6hxn98poTu1O4YZfafvC18,What You Want (feat. Total),"['Mase', 'Total']",Harlem World,1997-01-01,1997,242946,True,68,0.838,0.72,10,-6.593,0,0.384,0.0312,1.11e-05,0.422,0.845,93.76
The Sound of Hip Hop,2cBOh97kgDenDOdtKhwU9O,6 'N the Mornin',['ICE-T'],Rhyme Pays,1987-01-01,1987,224866,True,51,0.823,0.745,5,-6.637,0,0.247,0.00282,0.000332,0.323,0.58,91.919
The Sound of Hip Hop,7qHAjAL7CpadaZLamuBZRm,Thuggish Ruggish Bone,['Bone Thugs-N-Harmony'],Creepin on Ah Come Up,1994-06-21,1994,281773,True,71,0.683,0.74,11,-6.041,0,0.0462,0.00228,0.0,0.238,0.65,129.515
The Sound of Hip Hop,5stZnlPMYz3Ba8Hbo3ajlP,X,['Xzibit'],Restless,2000-04-02,2000,255640,True,63,0.936,0.678,4,-3.012,0,0.21,0.0795,0.0,0.0838,0.822,96.911
The Sound of Hip Hop,37pnnS4zO9s6xzeblq9Jrd,Concrete Schoolyard,['Jurassic 5'],J5 (Deluxe Edition),2008-02-06,2008,321293,True,57,0.893,0.624,10,-7.337,0,0.354,0.141,0.0,0.388,0.811,90.116
The Sound of Hip Hop,1hWYT0w2R0J19rlVkiez7X,Battle Scars (with Guy Sebastian),"['Lupe Fiasco', 'Guy Sebastian']","Food & Liquor II: The Great American Rap Album, Pt. 1",2012-09-25,2012,250320,False,69,0.517,0.811,5,-4.526,0,0.286,0.186,0.0,0.105,0.494,168.269
The Sound of Hip Hop,33T6ABvdB3P2iYOWJnBjsQ,Workinonit,['J Dilla'],Donuts,2006-02-07,2006,177120,False,52,0.651,0.695,11,-7.497,0,0.244,0.0714,0.498,0.585,0.543,92.981
The Sound of Hip Hop,3uxEUkg8yS9kqgVBprp4xi,Live and Let Live,['Souls Of Mischief'],93 'til Infinity,1993-02-13,1993,320266,True,47,0.831,0.721,6,-12.387,0,0.338,0.0221,0.00232,0.0943,0.734,89.935
The Sound of Hip Hop,5OkYfk72CNL8XLqa3gp9q7,"Something to Rap About (feat. Tyler, The Creator)","['Freddie Gibbs', 'The Alchemist', 'Tyler, The Creator']",Alfredo,2020-05-29,2020,282560,True,64,0.406,0.524,5,-11.071,1,0.255,0.469,3.95e-06,0.117,0.412,56.046
The Sound of Hip Hop,0v9Wz8o0BT8DU38R4ddjeH,No Problem (feat. Lil Wayne & 2 Chainz),"['Chance the Rapper', 'Lil Wayne', '2 Chainz']",Coloring Book,2016-05-27,2016,304606,True,68,0.652,0.795,11,-5.192,0,0.174,0.156,0.0,0.123,0.788,135.018
The Sound of Hip Hop,5TRPicyLGbAF2LGBFbHGvO,Flashing Lights,"['Kanye West', 'Dwele']",Graduation,2007-09-11,2007,237506,True,90,0.639,0.628,6,-7.578,0,0.0399,0.0381,0.0,0.386,0.43,90.482
The Sound of Hip Hop,5STdMlrBf6pqWiNE7WqxSi,Many Men (Wish Death),['50 Cent'],Get Rich Or Die Tryin',2003-02-06,2003,256240,True,80,0.589,0.827,11,-2.938,1,0.384,0.0143,0.00151,0.14,0.386,161.978
The Sound of Hip Hop,0ql1SFxq7xKtXCPU0huup3,Climax,['Slum Village'],Sex,2007-06-20,2007,211892,True,61,0.822,0.526,8,-5.346,0,0.229,0.371,1.49e-06,0.254,0.763,95.671
The Sound of Hip Hop,5EIkdrmuu2xkoQWOWjoeFY,Dynasties & Dystopia (from the series Arcane League of Legends),"['Denzel Curry', 'Gizzle', 'Bren Joy', 'Arcane', 'League of Legends']",Dynasties & Dystopia (from the series Arcane League of Legends),2021-11-20,2021,178080,False,65,0.703,0.834,1,-5.134,1,0.0603,0.0139,0.0,0.1,0.863,153.97
The Sound of Hip Hop,7EQvdUJqZ2i7SWvSB2VqGA,Doomsday,"['MF DOOM', 'Pebbles The Invisible Girl']",Operation: Doomsday (Complete),1999-10-19,1999,298053,True,76,0.856,0.84,6,-7.736,0,0.334,0.0973,0.0,0.0773,0.792,95.416
The Sound of Hip Hop,6H0AwSQ20mo62jGlPGB8S6,It's A Vibe,"['2 Chainz', 'Ty Dolla $ign', 'Trey Songz', 'Jhené Aiko']",Pretty Girls Like Trap Music,2017-06-16,2017,210200,True,70,0.822,0.502,7,-7.38,1,0.148,0.0312,0.000887,0.114,0.525,73.003
The Sound of Hip Hop,1rJM37Dd4OcSJvzI84yCcP,Fu-Gee-La,"['Fugees', 'Ms. Lauryn Hill', 'Wyclef Jean', 'Pras']",The Score (Expanded Edition),1996-02-13,1996,260066,True,70,0.681,0.505,1,-11.709,1,0.138,0.137,0.0,0.234,0.399,89.953
The Sound of Hip Hop,3tZQaOGFwlqkhxKOeVrH4V,The Most Beautifullest Thing In This World,['Keith Murray'],The Most Beautifullest Thing In This World,1994-01-01,1994,226173,True,43,0.79,0.618,4,-10.413,0,0.326,0.105,0.0,0.23,0.518,93.087
The Sound of Hip Hop,4dVpf9jZjcORqGTLUaeYj9,Plain Jane,['A$AP Ferg'],Still Striving,2017-08-18,2017,173600,True,76,0.797,0.844,11,-5.482,1,0.275,0.0651,0.0,0.087,0.52,170.142
The Sound of Hip Hop,1dHJETCn2X1R1YwVlMvSza,Wanna Get To Know You,"['G-Unit', 'Joe']",Beg For Mercy,2003-01-01,2003,265026,True,68,0.513,0.826,10,-3.651,0,0.132,0.106,0.0,0.0675,0.889,76.91
The Sound of Hip Hop,5NLuC70kZQv8q34QyQa1DP,Fight For Your Right,['Beastie Boys'],Licensed To Ill,1986-11-15,1986,208653,False,73,0.503,0.858,8,-6.296,1,0.0657,0.00757,0.00234,0.0803,0.419,133.615
The Sound of Hip Hop,1XRgIKC5TPwo7nWGyKqgG0,I Get the Bag (feat. Migos),"['Gucci Mane', 'Migos']",Mr. Davis,2017-10-13,2017,233087,True,74,0.89,0.633,11,-5.475,1,0.168,0.0232,0.000343,0.0993,0.425,139.948
The Sound of Hip Hop,2K7ftgpxTt8z8uuWL0X6S3,"Kill Jill [Feat. Killer Mike, Jeezy]","['Big Boi', 'Killer Mike', 'Jeezy']",BOOMIVERSE,2017-06-16,2017,264738,True,57,0.771,0.527,7,-6.797,0,0.23,0.205,0.0,0.107,0.114,139.935
The Sound of Hip Hop,6rje9f1wRFJDO2iTORw0lH,I Know,"['Big Sean', 'Jhené Aiko']",Dark Sky Paradise,2015-02-24,2015,319973,True,77,0.733,0.334,1,-11.314,1,0.0811,0.327,0.0,0.116,0.267,119.935
The Sound of Hip Hop,0h9SEktDNr9KHQ1WlUqkbH,Boblo Boat (feat. J. Cole),"['Royce Da 5\'9""', 'J. Cole']",Book of Ryan (Bonus Track Edition),2018-05-04,2018,282300,True,50,0.606,0.829,0,-5.114,1,0.399,0.274,0.0,0.158,0.574,157.945
The Sound of Hip Hop,6plT7nFGiXKSBP9HFSI4ef,Chum,['Earl Sweatshirt'],Doris,2013-08-16,2013,243773,True,62,0.51,0.503,10,-8.756,0,0.242,0.0216,0.002,0.108,0.193,153.582
The Sound of Hip Hop,3hQCHzkE5oSA3F1xM8bpcM,Hustlin',['Rick Ross'],Port Of Miami,2006-01-01,2006,254093,True,71,0.502,0.652,9,-7.224,1,0.3,0.0848,0.0,0.0675,0.648,136.08
The Sound of Hip Hop,0wXuerDYiBnERgIpbb3JBR,Redbone,['Childish Gambino'],"""Awaken, My Love!""",2016-12-02,2016,326933,True,6,0.743,0.344,1,-11.174,1,0.118,0.169,0.00879,0.103,0.577,160.15
The Sound of Hip Hop,0cfqYhY6B8PbGF9vaVNUeG,Hits from the Bong,['Cypress Hill'],Black Sunday,1993-07-20,1993,160866,True,70,0.803,0.578,1,-13.264,1,0.182,0.0103,0.812,0.199,0.499,92.175
The Sound of Hip Hop,6i6cWTCYBOKEdJnWjzm2yk,Hood Gone Love It (feat. Kendrick Lamar),"['Jay Rock', 'Kendrick Lamar']",Follow Me Home,2011-07-26,2011,245466,True,72,0.61,0.856,11,-3.974,1,0.325,0.0879,0.0,0.289,0.67,91.77
The Sound of Hip Hop,0fv2KH6hac06J86hBUTcSf,NEW MAGIC WAND,"['Tyler, The Creator']",IGOR,2019-05-17,2019,195320,True,84,0.621,0.73,5,-5.414,0,0.107,0.0967,0.000131,0.673,0.464,139.566
The Sound of Hip Hop,2WrldKXSBVbNNm3A9vJryi,Dance Now (feat. Kenny Mason),"['JID', 'Kenny Mason']",The Forever Story (Extended Version),2022-10-31,2022,227555,True,73,0.786,0.475,1,-10.902,1,0.248,0.0919,9.6e-06,0.176,0.264,135.0
The Sound of Hip Hop,5A6OHHy73AR5tLxgTc98zz,Black and Yellow,['Wiz Khalifa'],Rolling Papers,2011-03-29,2011,217666,True,78,0.684,0.834,2,-4.524,0,0.0675,0.0646,0.0,0.271,0.538,164.02
The Sound of Hip Hop,3Vj8RQkFwOmDvUrwu6MtQZ,"Yo Love - From ""Queen & Slim: The Soundtrack""","['Vince Staples', '6LACK', 'Mereba']","Yo Love (From ""Queen & Slim: The Soundtrack"")",2019-11-11,2019,143830,True,64,0.703,0.573,0,-9.032,1,0.0724,0.565,3.13e-06,0.0987,0.491,147.038
The Sound of Hip Hop,42zd6DYQ4o4SECmTITrM1U,Dreams and Nightmares,['Meek Mill'],Dreams and Nightmares (Deluxe Edition),2012-10-26,2012,230693,True,78,0.631,0.774,11,-2.459,1,0.3,0.468,0.0,0.281,0.44,79.745
The Sound of Hip Hop,2UVbBKQOdFAekPTRsnkzcf,Stir Fry,['Migos'],Culture II,2018-01-26,2018,190288,True,78,0.817,0.816,2,-5.402,1,0.269,0.00263,0.0,0.159,0.508,181.982
The Sound of Hip Hop,0ZsjZirRsHOWUhOkl69JiR,Sosa,['AZ'],Pieces Of A Man,1998-04-07,1998,125373,True,54,0.869,0.584,4,-8.333,0,0.0966,0.0664,0.000556,0.158,0.235,90.066
The Sound of Hip Hop,2iclfHORMqpR3TxuhwVRhD,Mesmerize,"['Ja Rule', 'Ashanti']",The Last Temptation,2002-01-01,2002,278720,True,67,0.764,0.648,1,-6.639,1,0.206,0.0563,0.0,0.414,0.391,90.1
The Sound of Hip Hop,5eV0XIpuWFS8H7OYDDxA4E,If You Must,['Del The Funky Homosapien'],Both Sides Of The Brain,2000-01-01,2000,225400,True,44,0.778,0.835,7,-7.201,1,0.244,0.0529,0.0,0.368,0.736,96.882
The Sound of Hip Hop,7M2tXmeS15NAzEn7ABFeBg,Homicide (feat. Eminem),"['Logic', 'Eminem']",Confessions of a Dangerous Mind,2019-05-10,2019,245386,True,75,0.694,0.759,10,-5.667,0,0.398,0.137,0.0,0.167,0.77,140.055
The Sound of Hip Hop,5IUtvfNvOyVYZUa6AJFrnP,Spicy (feat. Post Malone),"['Ty Dolla $ign', 'Post Malone']",Featuring Ty Dolla $ign,2020-10-23,2020,143375,True,71,0.782,0.51,4,-5.724,0,0.0419,0.143,0.0,0.115,0.118,99.993
The Sound of Hip Hop,2z9iuAxKv4TTeCrPAxxKg9,Love Lost,"['Mac Miller', 'The Temper Trap']","I Love Life, Thank You",2022-07-22,2022,162875,True,80,0.735,0.812,2,-4.417,1,0.151,0.528,0.0,0.186,0.584,109.829
The Sound of Hip Hop,4Gv46S98aguDKuKTrbRBus,Warm It Up,['Kris Kross'],Totally Krossed Out,1992-03-17,1992,248333,False,46,0.865,0.778,1,-10.05,1,0.249,0.0411,0.0,0.303,0.763,103.008
The Sound of Hip Hop,4lH6nENd1y81jp7Yt9lTBX,Solo,['Future'],HNDRXX,2017-07-27,2017,265996,True,85,0.784,0.486,5,-6.497,0,0.0475,0.0538,0.497,0.101,0.0894,110.964
The Sound of Hip Hop,39xWBHPM4E9MwzEy5gbM7p,Last Time That I Checc'd (feat. YG),"['Nipsey Hussle', 'YG']",Victory Lap,2018-02-16,2018,225573,True,65,0.711,0.746,1,-4.224,1,0.253,0.0289,0.0,0.371,0.279,96.024
The Sound of Hip Hop,0ZNrc4kNeQYD9koZ3KvCsy,"BIG BANK (feat. 2 Chainz, Big Sean, Nicki Minaj)","['YG', '2 Chainz', 'Big Sean', 'Nicki Minaj']",STAY DANGEROUS,2018-08-03,2018,237240,True,66,0.745,0.346,1,-7.709,1,0.331,0.00552,0.0,0.0881,0.112,203.911
The Sound of Hip Hop,2yUzr8Sr6ldG8vmHhZwTnz,née-nah,"['21 Savage', 'Travis Scott', 'Metro Boomin']",american dream,2024-01-12,2024,220584,True,90,0.678,0.758,1,-6.524,1,0.227,0.00495,0.0,0.57,0.318,165.423
The Sound of Hip Hop,3KKrZ3adgWcJiJQWFqoDnv,Hip Hop Junkies,['Nice & Smooth'],Ain't A Damn Thing Changed,1991-01-01,1991,209160,False,41,0.926,0.427,6,-10.731,1,0.115,0.0258,0.000281,0.329,0.634,98.73
The Sound of Hip Hop,6UZS3KgNc0NF13bbtQTzD6,The Jump Off,"[""Lil' Kim""]",La Bella Mafia,2003-03-03,2003,234093,True,58,0.837,0.736,10,-8.367,0,0.378,0.225,0.0,0.0549,0.905,104.907
The Sound of Hip Hop,4WM1hvYr2NC6bQnQXcj3sH,Meat Grinder,"['Madvillain', 'Madlib', 'MF DOOM']",Madvillainy,2004-03-24,2004,131866,True,71,0.571,0.717,6,-8.333,1,0.336,0.359,3.12e-06,0.797,0.881,87.54
The Sound of Hip Hop,6LWpZmVDONqAqqf7fl8Lul,Make Room,['Tha Alkaholiks'],21 & Over,1993-08-24,1993,208666,True,38,0.727,0.489,1,-7.98,1,0.302,0.105,0.0,0.0666,0.227,96.413
The Sound of Hip Hop,74iAhjBEJ9PqlXxMSV73Ry,Slim's Return,['Madlib'],Shades Of Blue: Madlib Invades Blue Note,2003-06-24,2003,236306,False,43,0.517,0.663,2,-7.259,1,0.218,0.0408,0.0305,0.293,0.529,91.746
The Sound of Hip Hop,4EFxQ2V4NhYkN46eslYEWs,Top O' the Morning to Ya,['House Of Pain'],House of Pain (Fine Malt Lyrics),1992-07-21,1992,216319,True,56,0.827,0.619,1,-10.173,0,0.111,0.00365,0.0108,0.337,0.73,111.083
The Sound of Hip Hop,6sT9MWlJManry3EQwf4V80,Push It,['Salt-N-Pepa'],"Hot, Cool & Vicious",1986-12-08,1986,272133,False,71,0.913,0.596,11,-12.477,0,0.0707,0.00658,0.00349,0.078,0.973,127.215
The Sound of Hip Hop,2VjXGuPVVxyhMgER3Uz2Fe,Ex-Factor,['Ms. Lauryn Hill'],The Miseducation of Lauryn Hill,1998-08-25,1998,326533,False,77,0.593,0.619,3,-9.003,0,0.0976,0.118,0.0,0.484,0.668,80.02
The Sound of Hip Hop,0EXm0iaB0CzqtsB3VaupXj,When the Last Time,['Clipse'],Lord Willin',2002-04-01,2002,254306,True,51,0.847,0.884,11,-3.326,1,0.245,0.514,0.0,0.303,0.845,99.036
The Sound of Hip Hop,72YEW9z8ke67115z6AK8PD,ooh la la (feat. Greg Nice & DJ Premier),"['Run The Jewels', 'El-P', 'Killer Mike', 'DJ Premier', 'Greg Nice']",RTJ4,2020-06-03,2020,183826,True,63,0.686,0.824,11,-5.413,1,0.34,0.157,0.0,0.242,0.405,170.079
The Sound of Hip Hop,2RPbEp0DyBVlkRvvYKopO7,Wat's Wrong (feat. Zacari & Kendrick Lamar),"['Isaiah Rashad', 'Zacari', 'Kendrick Lamar']",The Sun's Tirade,2016-09-02,2016,330783,True,72,0.706,0.688,1,-6.357,1,0.269,0.151,0.0,0.466,0.313,125.966
The Sound of Hip Hop,1265N14L1xyzKNr5XZzuTP,Make Your Move,['Hieroglyphics'],Full Circle,2003-01-01,2003,269386,True,49,0.807,0.625,1,-6.57,0,0.114,0.585,6.47e-06,0.11,0.756,94.064
The Sound of Hip Hop,0YkJU6TjjwzsVXUPRIO0DB,Make Me Better,"['Fabolous', 'Ne-Yo']",From Nothin' To Somethin' (Bonus Track Version),2007-01-01,2007,253573,True,63,0.607,0.599,11,-6.886,1,0.0995,0.33,0.0,0.199,0.562,86.491
The Sound of Hip Hop,7G3lxTsMfSx4yarMkfgnTC,The World Is Yours,['Nas'],Illmatic,1994-04-19,1994,290573,True,71,0.678,0.794,10,-6.186,0,0.14,0.274,1.68e-06,0.124,0.54,87.374
The Sound of Hip Hop,0SwuCcwpFM6x4cu5zOvmi0,I Ain't No Joke,['Eric B. & Rakim'],Paid In Full,1987-07-07,1987,232760,False,56,0.854,0.706,11,-9.5,0,0.335,0.162,7.22e-06,0.0994,0.747,104.214
The Sound of Hip Hop,3glqlA5qY3bbo8UaUDGPnw,"Triumph (feat. Ol' Dirty Bastard, Inspectah Deck, Method Man, Cappadonna, U-God, RZA, GZA, Masta Killa, Ghostface Killah & Raekwon)","['Wu-Tang Clan', ""Ol' Dirty Bastard"", 'Inspectah Deck', 'Method Man', 'Cappadonna', 'U-God', 'RZA', 'GZA', 'Masta Killa', 'Ghostface Killah', 'Raekwon']",Wu-Tang Forever,1997-06-03,1997,338186,True,66,0.739,0.639,2,-6.959,1,0.358,0.000918,2.74e-05,0.352,0.323,91.121
The Sound of Hip Hop,0snDRsjNRMJhm7SVja8l6J,MC's Act Like They Don't Know,['KRS-One'],KRS-One,1995-10-10,1995,295933,True,58,0.855,0.798,1,-4.018,1,0.237,0.0101,0.000615,0.628,0.855,90.429
The Sound of Hip Hop,4HfxDJ0uLHTLe0fZrx0MbQ,Check the Rhime,['A Tribe Called Quest'],The Low End Theory,1991-09-24,1991,216693,False,68,0.881,0.361,11,-14.728,0,0.237,0.0502,0.00458,0.246,0.799,96.43
The Sound of Hip Hop,4gQdwwPXSXnDkUh4jYqLoC,Hip Hop,['Mos Def'],Black On Both Sides,1999-10-12,1999,196440,True,59,0.592,0.861,1,-5.177,1,0.249,0.024,0.0,0.492,0.794,90.238
The Sound of Hip Hop,2WyLyygONxNBVtXCRLMjFY,Breakadawn,['De La Soul'],Buhloone Mindstate,1993-09-21,1993,255008,True,61,0.836,0.693,3,-7.02,1,0.289,0.0747,0.000298,0.117,0.538,95.923
The Sound of Hip Hop,6glsMWIMIxQ4BedzLqGVi4,"So Fresh, So Clean",['Outkast'],Stankonia,2000-10-31,2000,240026,True,75,0.725,0.64,5,-7.905,0,0.332,0.0281,0.0,0.099,0.915,166.028
The Sound of Hip Hop,11aFVmFy8903RwDx4ohQiq,Be (Intro),['Common'],Be,2005-01-01,2005,144200,True,57,0.619,0.755,7,-8.439,0,0.0918,0.225,0.0,0.468,0.191,93.703
The Sound of Hip Hop,1yo16b3u0lptm6Cs7lx4AD,Fight The Power,['Public Enemy'],Fear Of A Black Planet,1990-04-10,1990,282640,True,57,0.797,0.582,2,-12.97,1,0.255,0.00484,2.04e-06,0.517,0.415,105.974
The Sound of Hip Hop,2n7h09QrGitVul66b2D8Re,Part II,"['Method Man', 'Redman']",How High,2001-01-01,2001,244600,True,60,0.775,0.837,10,-4.965,0,0.39,0.0383,0.0,0.315,0.807,95.86
The Sound of Hip Hop,1RjU7UhRICmdFPKxCucLgq,Hell on Earth (Front Lines),['Mobb Deep'],Hell On Earth,1996-11-19,1996,274093,True,67,0.875,0.658,0,-3.641,1,0.359,0.275,0.0,0.122,0.661,92.038
The Sound of Hip Hop,14yv7I9fU2jZSpYxsU1YEN,"Intoxicated (feat. Raekwon, Method Man & Macy Gray)","[""Ol' Dirty Bastard"", 'Raekwon', 'Method Man', 'Macy Gray']","Intoxicated (feat. Raekwon, Method Man & Macy Gray)",2018-11-15,2018,257066,True,47,0.895,0.57,6,-6.321,1,0.122,0.0578,0.0,0.05,0.766,88.217
The Sound of Hip Hop,5b0Gak5qksR19sPaKjlreH,Intro,['EPMD'],Out Of Business (Deluxe Edition),1999-01-01,1999,138560,True,45,0.53,0.821,1,-8.645,1,0.305,0.0301,0.000169,0.0624,0.631,176.068
The Sound of Hip Hop,1B53Y95tPd4ah4FExO0egE,What They Do,['The Roots'],Illadelph Halflife,1996-09-24,1996,357200,True,62,0.885,0.414,0,-10.539,1,0.168,0.341,0.000289,0.0891,0.683,92.727
The Sound of Hip Hop,0CtkjgZpkgnW7U6WmHsakD,It's Like That,"['Run–D.M.C.', 'Jason Nevins']",The Greatest Hits,2002-09-10,2002,250626,False,67,0.852,0.874,7,-11.208,1,0.0427,0.0168,0.45,0.133,0.666,129.029
The Sound of Hip Hop,5ByAIlEEnxYdvpnezg7HTX,Juicy - 2005 Remaster,['The Notorious B.I.G.'],Ready to Die (The Remaster),1994-09-13,1994,302760,True,77,0.889,0.818,9,-4.639,1,0.253,0.47,0.0,0.179,0.782,96.063
The Sound of Hip Hop,5sNESr6pQfIhL3krM8CtZn,Numb / Encore,"['JAY-Z', 'Linkin Park']",Numb / Encore: MTV Ultimate Mash-Ups Presents Collision Course,2004-11-30,2004,205733,True,82,0.687,0.793,2,-4.254,1,0.166,0.0603,0.0,0.582,0.751,107.045
The Sound of Hip Hop,1k28sDTLOz942qa3wEtMQE,O.P.P,['Naughty By Nature'],Naughty By Nature,1991-09-03,1991,271066,False,66,0.848,0.838,4,-11.949,0,0.0721,0.0326,4.89e-06,0.124,0.787,97.736
The Sound of Hip Hop,5ED4wu4LKC0iNR28iMtAyv,Re:Definition,['Black Star'],Mos Def & Talib Kweli Are Black Star,1998-09-29,1998,182973,True,53,0.41,0.864,11,-2.855,1,0.314,0.044,0.0,0.593,0.677,180.24
The Sound of Hip Hop,1NHwvBmrUje4L1dxfWnXCH,Put Your Hands Where My Eyes Could See (feat. Jamal),"['Busta Rhymes', 'Jamal']",When Disaster Strikes...,1997-01-01,1997,194293,True,65,0.906,0.623,1,-6.711,0,0.303,0.00864,4.19e-06,0.0753,0.715,99.498
The Sound of Hip Hop,7iXF2W9vKmDoGAhlHdpyIa,Forgot About Dre,"['Dr. Dre', 'Eminem']",2001,1999-11-16,1999,222293,True,82,0.924,0.74,8,-1.299,1,0.0774,0.0827,0.0,0.163,0.621,133.974
The Sound of Hip Hop,0UN5OvKlbg06LnZyVk48ll,Loungin (Who Do Ya Luv) - Remix,"['LL COOL J', 'Total']",Mr. Smith (Deluxe Edition),1995-11-21,1995,229373,True,62,0.817,0.584,7,-9.785,1,0.174,0.432,0.00609,0.225,0.501,99.947
The Sound of Hip Hop,3lGBvPUgO7MJltUnBlOpe9,Mass Appeal,['Gang Starr'],Hard To Earn,1994-03-08,1994,221026,True,66,0.808,0.726,10,-8.435,0,0.252,0.0208,0.276,0.129,0.616,96.12
The Sound of Hip Hop,52IuMfbQa9aqRPz2oYPAI8,Express Yourself,['N.W.A.'],Straight Outta Compton,1988-08-08,1988,265101,True,65,0.851,0.583,8,-11.022,0,0.286,0.0506,0.0,0.236,0.956,95.048
The Sound of Hip Hop,7sT3O2PXs1o12XnCKlv204,Drop,['The Pharcyde'],Labcabincalifornia (Deluxe Edition),1995-01-01,1995,334466,True,57,0.853,0.754,10,-7.158,0,0.259,0.335,6.21e-06,0.252,0.69,95.081
The Sound of Hip Hop,5g9lS8deSIxItFBmZRC4vN,Ambitionz Az A Ridah,['2Pac'],All Eyez On Me,1996-02-13,1996,278386,True,81,0.801,0.91,2,-6.566,1,0.225,0.00239,0.000891,0.0737,0.805,87.277
The Sound of Hip Hop,7dFGkZbmm6cVlI28bfMaWE,Righteous Minds,['Joey Bada$$'],1999,2012-06-12,2012,224042,True,72,0.809,0.638,8,-5.646,0,0.28,0.262,0.0,0.453,0.608,94.893
The Sound of Hip Hop,7KXjTSCq5nL1LoYtL7XAwS,HUMBLE.,['Kendrick Lamar'],DAMN.,2017-04-14,2017,177000,True,87,0.908,0.621,1,-6.638,0,0.102,0.000282,5.39e-05,0.0958,0.421,150.011
The Sound of Hip Hop,3NGT0Td7H4Is1qrlDQJxma,Check Yo Self - Remix,"['Ice Cube', 'Das EFX']",Bootlegs And B-Sides,1994-11-22,1994,273106,True,73,0.934,0.735,1,-6.668,1,0.251,0.031,8.6e-06,0.107,0.768,101.368
The Sound of Hip Hop,2eXKIiuLZdn1H0yNAW7Fvm,Criminal Minded,['Boogie Down Productions'],Criminal Minded (Deluxe),1987-03-03,1987,317697,True,33,0.917,0.517,6,-11.529,1,0.363,0.0778,0.0,0.194,0.794,90.814
The Sound of Hip Hop,5jnxxpX2834SB6LJ0S73Uz,Lollipop,"['Lil Wayne', 'Static Major']",Tha Carter III,2008-01-01,2008,299333,True,72,0.829,0.428,0,-9.469,1,0.0831,0.056,0.00413,0.137,0.45,148.075
The Sound of Hip Hop,4hGmQboiou09EwhcTWa0H6,Another One Of Me (feat. 21 Savage),"['Diddy', 'The Weeknd', 'French Montana', '21 Savage']",The Love Album: Off The Grid,2023-09-15,2023,220408,True,66,0.67,0.562,5,-7.653,0,0.233,0.252,0.0,0.242,0.18,97.919
The Sound of Hip Hop,76kceotndtU22uqo45iGql,Freaks of the Industry,['Digital Underground'],Sex Packets,1990-03-26,1990,340906,False,43,0.674,0.43,6,-13.562,0,0.263,0.107,7.36e-05,0.116,0.386,88.543
The Sound of Hip Hop,39QBkWKnap8wRSW4WB9OK0,Gin and Juice,['Snoop Dogg'],Doggystyle,1993-11-23,1993,211866,True,77,0.603,0.762,4,-7.744,0,0.285,0.0953,1.53e-05,0.478,0.379,94.726
The Sound of Hip Hop,5esVkhazOeanQVdlJUkNpY,"Pacifics - From The Original Motion Picture Soundtrack “N.Y. Is Red Hot""",['Digable Planets'],Reachin' (A New Refutation Of Time And Space),1993-01-01,1993,271373,False,54,0.736,0.405,5,-16.561,0,0.316,0.228,0.00961,0.108,0.854,180.496
The Sound of Hip Hop,4CKYscH2FY8iXrHehW9SHk,Shake That (Remix),"['Nate Dogg', 'Eminem', 'Obie Trice', 'Bobby Creekwater']",Eminem Presents The Re-Up,2006-01-01,2006,179560,True,55,0.945,0.701,8,-3.749,1,0.158,0.0872,3.32e-06,0.147,0.617,107.036
The Sound of Hip Hop,7aK5rlTVxSgcqShPMI1TTH,Nosetalgia,"['Pusha T', 'Kendrick Lamar']",My Name Is My Name,2013-10-31,2013,216066,True,63,0.529,0.78,5,-3.932,1,0.326,0.0255,0.0,0.14,0.711,80.018
The Sound of Hip Hop,6rwUlhBm0kdavivjZ2b3sT,Boyz-N-The-Hood,['Eazy-E'],ドライブが楽しくなる洋楽ヒッツ！80年代 METAL,2023-06-30,2023,338320,True,64,0.79,0.727,8,-6.136,1,0.274,0.0349,0.0,0.378,0.653,87.792
The Sound of Hip Hop,0KbIwqCAHmXWu7hrszXY6j,Party We Will Throw Now!,"['Warren G', 'Nate Dogg', 'The Game']",Party We Will Throw Now! - Single,2012-04-24,2012,209412,True,65,0.934,0.562,4,-4.609,0,0.24,0.0476,1.31e-06,0.0608,0.712,96.792
The Sound of Hip Hop,2Adxpr1j5lSihOCsmIfflJ,GET OFF ME (with Travis Scott),"['Kid Cudi', 'Travis Scott']",INSANO,2024-01-12,2024,215240,True,80,0.78,0.41,5,-8.164,1,0.0451,0.0185,0.0,0.153,0.0585,121.919
The Sound of Hip Hop,2aPTvyE09vUCRwVvj0I8WK,Sundress,['A$AP Rocky'],Sundress,2018-11-20,2018,158205,True,81,0.721,0.707,6,-6.364,1,0.0595,0.181,3.68e-06,0.143,0.743,125.005
The Sound of Hip Hop,78JKJfKsqgeBDBF58gv1SF,Hands on the Wheel (feat. Asap Rocky),"['ScHoolboy Q', 'A$AP Rocky']",Habits & Contradictions,2012-01-14,2012,197131,True,71,0.646,0.784,1,-7.471,0,0.108,0.0166,0.0,0.0721,0.179,127.839
The Sound of Hip Hop,2eSJflipjhSKLExuSwuFrO,What's Luv? (feat. Ashanti),"['Fat Joe', 'Ashanti']",What's Luv? (feat. Ashanti),2002-02-05,2002,230400,False,65,0.829,0.688,8,-7.652,1,0.0978,0.0142,2.05e-06,0.0461,0.869,93.857
The Sound of Hip Hop,4UmOTj2C2RIYvTWk5HqOf2,Making Moves with Puff,['Craig Mack'],Project: Funk Da World,1994-01-01,1994,264973,False,39,0.865,0.477,1,-9.557,1,0.324,0.508,0.000113,0.0497,0.888,93.975
The Sound of Hip Hop,0AoHAdFSV5ftNKA7L1tzPC,White Lines (Don't Do It) (Long Version),"['Grandmaster Flash', 'Grandmaster Melle Mel']",White Lines (Don't Do It) - EP,1983-01-01,1983,459733,False,28,0.859,0.692,7,-8.356,1,0.063,0.004,0.0111,0.239,0.675,115.16
The Sound of Hip Hop,1Q9b6CeMcDuO0uq5OJCrqu,Move Bitch,"['Ludacris', 'Mystikal', 'I-20']",Word Of Mouf,2001-01-01,2001,270866,True,65,0.777,0.764,1,-5.681,1,0.141,0.243,0.0,0.103,0.174,177.868
The Sound of Hip Hop,5PONCrsJnRyMsHBsnUS6I9,Still,['Geto Boys'],The Resurrection,1996-04-02,1996,239973,True,51,0.687,0.858,7,-6.471,1,0.237,0.0141,0.0,0.158,0.398,87.869
The Sound of Hip Hop,1BKT2I9x4RGKaKqW4up34s,Ruff Ryders' Anthem,['DMX'],It's Dark And Hell Is Hot,1998-05-01,1998,214440,True,74,0.88,0.577,10,-8.093,0,0.302,0.0564,1.02e-06,0.201,0.74,90.991
The Sound of Hip Hop,0lOe1dR2TNkJMCjIcRuw6T,Westside Story,"['The Game', '50 Cent']",The Documentary,2005-01-01,2005,223066,True,64,0.876,0.647,11,-3.917,1,0.28,0.16,0.0,0.238,0.961,86.993
The Sound of Hip Hop,2wAJTrFhCnQyNSD3oUgTZO,Work Out,['J. Cole'],Cole World: The Sideline Story,2011-09-27,2011,235320,True,85,0.831,0.427,2,-6.903,1,0.106,0.0531,0.0,0.307,0.216,93.004
The Sound of Hip Hop,7IhsLJMqdxoo7YAZjaSMru,Dead And Gone,"['T.I.', 'Justin Timberlake']",Paper Trail,2008-09-07,2008,299746,True,71,0.713,0.746,0,-4.99,1,0.259,0.0402,0.0,0.601,0.47,135.021
The Sound of Hip Hop,0UaMYEvWZi0ZqiDOoHU3YI,Lose Control (feat. Ciara & Fat Man Scoop),"['Missy Elliott', 'Ciara', 'Fatman Scoop']",The Cookbook,2005-07-04,2005,226863,True,70,0.904,0.813,4,-7.105,0,0.121,0.0311,0.00697,0.0471,0.81,125.461
The Sound of Hip Hop,196dRHeZivhxidb3rSeXcE,Music (Remix) (feat. Keith Murray & Redman),"['Erick Sermon', 'Keith Murray', 'Redman']",Music,2001-08-27,2001,216560,True,37,0.914,0.461,10,-9.759,0,0.0993,0.119,1.24e-06,0.163,0.746,100.059
The Sound of Hip Hop,4TqAoRSW8kOKfO4y5R0GLy,All I Ever Wanted,['Mase'],Double Up,1999-01-01,1999,242506,True,60,0.717,0.386,9,-7.052,0,0.13,0.0554,5.16e-06,0.0353,0.863,205.006
The Sound of Hip Hop,3aRiplMITqwiQdqxm4gXl0,New Jack Hustler (Nino's Theme),['ICE-T'],O.G. Original Gangster,1991-01-01,1991,283306,True,45,0.83,0.859,7,-9.213,1,0.124,0.000971,0.0,0.214,0.654,109.321
The Sound of Hip Hop,1dF5Y2dd7Wm4wZKvVjWBpr,1st of Tha Month,['Bone Thugs-N-Harmony'],E. 1999 Eternal,1995-07-25,1995,314680,True,70,0.729,0.581,5,-8.235,0,0.18,0.0777,3.81e-06,0.696,0.508,74.038
The Sound of Hip Hop,7uyKUBluZJq5ZjuPkbozK7,Work It Out,"['Jurassic 5', 'Dave Matthews Band']",Feedback,2006-01-01,2006,231906,False,52,0.828,0.724,10,-5.099,1,0.14,0.638,0.0,0.0939,0.889,95.528
